job_id,date,machine,shift,planned_units,units_produced,good_units,scrap_units,downtime_minutes
JOB1000,2025-01-01,Line_1,A,1108,898,883,14.9,65.4
JOB1001,2025-01-01,Line_1,B,948,677,670,6.5,45.3
JOB1002,2025-01-01,Line_1,C,960,715,698,17.1,38.9
JOB1003,2025-01-01,Line_2,A,1074,999,972,27.1,9.9
JOB1004,2025-01-01,Line_2,B,845,580,563,17.6,57.7
JOB1005,2025-01-01,Line_2,C,1122,1092,1061,31.2,11.9
JOB1006,2025-01-01,Line_3,A,811,615,566,48.8,39.8
JOB1007,2025-01-01,Line_3,B,1002,698,675,23.2,49.9
JOB1008,2025-01-01,Line_3,C,1155,994,977,17.3,31.8
JOB1009,2025-01-01,Line_4,A,1189,1004,962,42.4,49.6
JOB1010,2025-01-01,Line_4,B,850,568,536,32.0,39.4
JOB1011,2025-01-01,Line_4,C,1003,904,887,17.0,48.2
JOB1012,2025-01-02,Line_1,A,1065,709,674,34.7,63.5
JOB1013,2025-01-02,Line_1,B,1070,900,869,31.0,34.8
JOB1014,2025-01-02,Line_1,C,870,682,638,43.9,30.0
JOB1015,2025-01-02,Line_2,A,1126,1080,1062,17.6,6.8
JOB1016,2025-01-02,Line_2,B,1056,965,944,20.4,27.0
JOB1017,2025-01-02,Line_2,C,881,752,740,11.7,31.2
JOB1018,2025-01-02,Line_3,A,1002,889,851,37.9,41.5
JOB1019,2025-01-02,Line_3,B,874,467,453,14.1,81.6
JOB1020,2025-01-02,Line_3,C,1094,847,816,30.7,53.7
JOB1021,2025-01-02,Line_4,A,841,669,640,29.2,45.1
JOB1022,2025-01-02,Line_4,B,855,892,872,20.2,7.0
JOB1023,2025-01-02,Line_4,C,928,962,931,30.6,9.7
JOB1024,2025-01-03,Line_1,A,806,323,295,28.1,78.7
JOB1025,2025-01-03,Line_1,B,991,818,795,22.4,43.8
JOB1026,2025-01-03,Line_1,C,1085,987,973,13.6,32.0
JOB1027,2025-01-03,Line_2,A,876,708,693,15.3,30.0
JOB1028,2025-01-03,Line_2,B,924,746,726,19.2,44.9
JOB1029,2025-01-03,Line_2,C,1014,891,854,36.9,41.1
JOB1030,2025-01-03,Line_3,A,859,649,601,47.2,37.6
JOB1031,2025-01-03,Line_3,B,1044,646,624,21.7,64.5
JOB1032,2025-01-03,Line_3,C,1007,835,813,21.7,30.5
JOB1033,2025-01-03,Line_4,A,905,750,746,3.7,65.1
JOB1034,2025-01-03,Line_4,B,987,736,706,29.1,46.0
JOB1035,2025-01-03,Line_4,C,1116,900,867,33.7,41.4
JOB1036,2025-01-04,Line_1,A,1086,1002,967,35.5,39.5
JOB1037,2025-01-04,Line_1,B,1184,1009,965,43.5,45.2
JOB1038,2025-01-04,Line_1,C,842,699,673,25.3,48.6
JOB1039,2025-01-04,Line_2,A,800,744,719,25.2,22.2
JOB1040,2025-01-04,Line_2,B,913,804,773,31.7,19.4
JOB1041,2025-01-04,Line_2,C,977,942,930,12.0,5.4
JOB1042,2025-01-04,Line_3,A,1125,849,822,27.4,54.7
JOB1043,2025-01-04,Line_3,B,1077,780,748,31.7,48.2
JOB1044,2025-01-04,Line_3,C,846,763,738,25.0,13.6
JOB1045,2025-01-04,Line_4,A,884,646,631,15.4,45.7
JOB1046,2025-01-04,Line_4,B,1029,825,807,17.9,45.6
JOB1047,2025-01-04,Line_4,C,1154,990,967,22.7,46.6
JOB1048,2025-01-05,Line_1,A,1080,981,969,11.9,22.7
JOB1049,2025-01-05,Line_1,B,1027,758,721,36.8,49.3
JOB1050,2025-01-05,Line_1,C,964,965,936,28.6,12.8
JOB1051,2025-01-05,Line_2,A,893,569,532,36.4,71.3
JOB1052,2025-01-05,Line_2,B,872,792,763,28.8,8.5
JOB1053,2025-01-05,Line_2,C,1113,937,906,31.6,51.2
JOB1054,2025-01-05,Line_3,A,1044,781,747,34.5,59.7
JOB1055,2025-01-05,Line_3,B,942,554,526,28.9,77.3
JOB1056,2025-01-05,Line_3,C,1050,907,872,35.0,40.7
JOB1057,2025-01-05,Line_4,A,858,693,667,25.4,33.5
JOB1058,2025-01-05,Line_4,B,1088,976,961,15.6,31.1
JOB1059,2025-01-05,Line_4,C,863,817,815,2.5,31.3
JOB1060,2025-01-06,Line_1,A,1142,1050,1031,19.4,25.9
JOB1061,2025-01-06,Line_1,B,1109,870,837,33.6,55.2
JOB1062,2025-01-06,Line_1,C,848,752,743,9.0,25.2
JOB1063,2025-01-06,Line_2,A,1175,1094,1076,18.4,11.2
JOB1064,2025-01-06,Line_2,B,921,656,634,22.6,41.6
JOB1065,2025-01-06,Line_2,C,990,724,683,41.1,41.2
JOB1066,2025-01-06,Line_3,A,1099,985,972,12.7,34.5
JOB1067,2025-01-06,Line_3,B,1164,914,882,32.3,52.1
JOB1068,2025-01-06,Line_3,C,1028,925,904,21.2,27.5
JOB1069,2025-01-06,Line_4,A,888,739,707,31.2,35.1
JOB1070,2025-01-06,Line_4,B,1127,1054,1032,22.2,25.5
JOB1071,2025-01-06,Line_4,C,1185,1172,1140,31.9,3.7
JOB1072,2025-01-07,Line_1,A,867,747,732,15.0,31.9
JOB1073,2025-01-07,Line_1,B,951,869,842,27.0,0.0
JOB1074,2025-01-07,Line_1,C,872,762,726,36.2,39.0
JOB1075,2025-01-07,Line_2,A,1009,984,979,5.3,3.6
JOB1076,2025-01-07,Line_2,B,809,691,668,23.3,31.2
JOB1077,2025-01-07,Line_2,C,1107,795,782,12.9,48.8
JOB1078,2025-01-07,Line_3,A,1180,1016,981,35.4,50.4
JOB1079,2025-01-07,Line_3,B,1021,825,807,17.3,36.7
JOB1080,2025-01-07,Line_3,C,1126,994,963,31.7,37.0
JOB1081,2025-01-07,Line_4,A,1150,943,915,28.0,56.2
JOB1082,2025-01-07,Line_4,B,1061,982,969,12.9,20.3
JOB1083,2025-01-07,Line_4,C,991,672,646,25.9,48.0
JOB1084,2025-01-08,Line_1,A,877,755,732,22.3,19.2
JOB1085,2025-01-08,Line_1,B,1010,847,819,28.1,50.7
JOB1086,2025-01-08,Line_1,C,1155,1128,1096,31.9,6.4
JOB1087,2025-01-08,Line_2,A,1122,894,893,1.1,47.9
JOB1088,2025-01-08,Line_2,B,898,664,638,26.5,40.4
JOB1089,2025-01-08,Line_2,C,964,724,702,21.6,37.2
JOB1090,2025-01-08,Line_3,A,1133,1018,977,40.4,30.6
JOB1091,2025-01-08,Line_3,B,1030,881,864,17.4,28.5
JOB1092,2025-01-08,Line_3,C,837,745,716,29.4,30.1
JOB1093,2025-01-08,Line_4,A,1179,1034,1003,31.1,35.8
JOB1094,2025-01-08,Line_4,B,1148,1072,1057,15.2,21.0
JOB1095,2025-01-08,Line_4,C,1069,984,962,22.4,28.5
JOB1096,2025-01-09,Line_1,A,1034,851,832,18.7,43.1
JOB1097,2025-01-09,Line_1,B,1039,799,763,35.8,36.3
JOB1098,2025-01-09,Line_1,C,997,769,743,26.4,29.2
JOB1099,2025-01-09,Line_2,A,847,701,657,43.9,34.1
JOB1100,2025-01-09,Line_2,B,864,767,739,28.4,58.3
JOB1101,2025-01-09,Line_2,C,957,772,740,31.8,17.1
JOB1102,2025-01-09,Line_3,A,1189,1024,1022,2.3,34.7
JOB1103,2025-01-09,Line_3,B,944,835,813,21.7,31.2
JOB1104,2025-01-09,Line_3,C,930,878,854,23.1,31.9
JOB1105,2025-01-09,Line_4,A,938,885,863,21.8,14.1
JOB1106,2025-01-09,Line_4,B,887,772,760,11.8,28.5
JOB1107,2025-01-09,Line_4,C,1013,879,848,31.0,27.1
JOB1108,2025-01-10,Line_1,A,958,710,695,15.7,35.5
JOB1109,2025-01-10,Line_1,B,1026,1103,1080,22.4,1.4
JOB1110,2025-01-10,Line_1,C,836,674,639,34.9,39.0
JOB1111,2025-01-10,Line_2,A,955,773,747,26.4,53.7
JOB1112,2025-01-10,Line_2,B,965,789,761,28.2,37.3
JOB1113,2025-01-10,Line_2,C,871,751,723,27.6,23.4
JOB1114,2025-01-10,Line_3,A,994,904,879,25.2,11.3
JOB1115,2025-01-10,Line_3,B,860,477,440,37.0,71.0
JOB1116,2025-01-10,Line_3,C,879,697,658,38.8,34.6
JOB1117,2025-01-10,Line_4,A,1074,871,861,10.3,72.0
JOB1118,2025-01-10,Line_4,B,853,784,755,28.6,4.1
JOB1119,2025-01-10,Line_4,C,1110,968,941,26.6,13.5
JOB1120,2025-01-11,Line_1,A,980,886,849,37.4,20.8
JOB1121,2025-01-11,Line_1,B,1090,945,922,22.2,57.1
JOB1122,2025-01-11,Line_1,C,866,745,717,28.3,23.2
JOB1123,2025-01-11,Line_2,A,1069,990,959,31.2,18.9
JOB1124,2025-01-11,Line_2,B,1028,823,792,31.7,36.7
JOB1125,2025-01-11,Line_2,C,1046,944,924,20.2,8.0
JOB1126,2025-01-11,Line_3,A,1077,870,859,11.0,47.8
JOB1127,2025-01-11,Line_3,B,854,763,728,35.2,7.6
JOB1128,2025-01-11,Line_3,C,958,857,811,45.9,35.7
JOB1129,2025-01-11,Line_4,A,876,686,665,21.1,34.4
JOB1130,2025-01-11,Line_4,B,886,825,795,29.3,17.5
JOB1131,2025-01-11,Line_4,C,895,764,750,14.0,49.3
JOB1132,2025-01-12,Line_1,A,1047,790,775,15.3,39.6
JOB1133,2025-01-12,Line_1,B,930,888,850,37.7,20.7
JOB1134,2025-01-12,Line_1,C,1041,698,652,45.9,57.1
JOB1135,2025-01-12,Line_2,A,926,716,689,27.3,47.7
JOB1136,2025-01-12,Line_2,B,884,834,821,12.6,24.2
JOB1137,2025-01-12,Line_2,C,1037,849,827,22.5,27.3
JOB1138,2025-01-12,Line_3,A,883,720,700,20.5,39.6
JOB1139,2025-01-12,Line_3,B,920,809,775,34.0,72.0
JOB1140,2025-01-12,Line_3,C,909,814,779,34.8,21.1
JOB1141,2025-01-12,Line_4,A,831,677,649,27.6,35.0
JOB1142,2025-01-12,Line_4,B,983,824,796,27.9,43.0
JOB1143,2025-01-12,Line_4,C,1135,1035,996,38.9,13.4
JOB1144,2025-01-13,Line_1,A,804,667,633,34.4,44.7
JOB1145,2025-01-13,Line_1,B,1172,1140,1109,30.6,13.0
JOB1146,2025-01-13,Line_1,C,934,932,908,24.0,6.5
JOB1147,2025-01-13,Line_2,A,828,651,627,23.1,57.1
JOB1148,2025-01-13,Line_2,B,968,926,911,15.0,19.6
JOB1149,2025-01-13,Line_2,C,828,790,768,22.2,28.5
JOB1150,2025-01-13,Line_3,A,866,602,589,13.1,37.9
JOB1151,2025-01-13,Line_3,B,1008,870,855,14.8,24.3
JOB1152,2025-01-13,Line_3,C,1175,870,846,24.0,58.5
JOB1153,2025-01-13,Line_4,A,840,679,658,20.8,33.6
JOB1154,2025-01-13,Line_4,B,880,653,621,32.6,55.4
JOB1155,2025-01-13,Line_4,C,1132,941,915,26.6,44.2
JOB1156,2025-01-14,Line_1,A,1027,1041,1008,32.6,28.4
JOB1157,2025-01-14,Line_1,B,1095,845,836,9.9,49.9
JOB1158,2025-01-14,Line_1,C,1034,734,701,32.4,65.7
JOB1159,2025-01-14,Line_2,A,1138,877,836,40.8,58.0
JOB1160,2025-01-14,Line_2,B,852,680,661,18.8,22.7
JOB1161,2025-01-14,Line_2,C,869,667,642,24.6,37.1
JOB1162,2025-01-14,Line_3,A,818,670,628,41.9,48.4
JOB1163,2025-01-14,Line_3,B,987,910,883,27.3,23.5
JOB1164,2025-01-14,Line_3,C,827,770,742,27.8,13.8
JOB1165,2025-01-14,Line_4,A,1080,981,967,14.4,29.1
JOB1166,2025-01-14,Line_4,B,1054,994,964,30.5,7.4
JOB1167,2025-01-14,Line_4,C,915,833,816,17.1,28.8
JOB1168,2025-01-15,Line_1,A,847,657,625,32.3,47.6
JOB1169,2025-01-15,Line_1,B,1027,744,720,23.5,33.1
JOB1170,2025-01-15,Line_1,C,1052,1057,1030,26.2,17.6
JOB1171,2025-01-15,Line_2,A,1026,893,859,33.5,44.3
JOB1172,2025-01-15,Line_2,B,943,849,834,15.0,31.2
JOB1173,2025-01-15,Line_2,C,1147,1098,1082,15.8,7.5
JOB1174,2025-01-15,Line_3,A,1156,878,851,26.9,67.3
JOB1175,2025-01-15,Line_3,B,1025,908,866,42.1,23.7
JOB1176,2025-01-15,Line_3,C,834,648,633,15.2,30.3
JOB1177,2025-01-15,Line_4,A,965,775,744,31.1,30.5
JOB1178,2025-01-15,Line_4,B,1119,858,841,17.7,52.4
JOB1179,2025-01-15,Line_4,C,910,748,727,21.4,33.2
JOB1180,2025-01-16,Line_1,A,1160,1083,1058,25.4,30.9
JOB1181,2025-01-16,Line_1,B,1019,815,800,14.0,30.3
JOB1182,2025-01-16,Line_1,C,934,643,607,35.3,59.7
JOB1183,2025-01-16,Line_2,A,1020,1059,1046,12.9,6.4
JOB1184,2025-01-16,Line_2,B,965,848,825,22.4,28.1
JOB1185,2025-01-16,Line_2,C,1006,604,596,8.6,86.3
JOB1186,2025-01-16,Line_3,A,1046,854,844,10.2,38.7
JOB1187,2025-01-16,Line_3,B,896,921,903,18.7,3.1
JOB1188,2025-01-16,Line_3,C,1042,914,877,37.0,14.9
JOB1189,2025-01-16,Line_4,A,934,816,803,13.8,50.8
JOB1190,2025-01-16,Line_4,B,1034,958,944,13.6,20.6
JOB1191,2025-01-16,Line_4,C,1169,1060,1030,30.0,14.6
JOB1192,2025-01-17,Line_1,A,1039,881,866,15.0,48.7
JOB1193,2025-01-17,Line_1,B,1110,918,898,20.2,29.0
JOB1194,2025-01-17,Line_1,C,1166,788,767,21.4,71.6
JOB1195,2025-01-17,Line_2,A,1123,887,846,41.1,48.4
JOB1196,2025-01-17,Line_2,B,1092,1018,985,33.1,13.2
JOB1197,2025-01-17,Line_2,C,926,662,622,40.9,51.2
JOB1198,2025-01-17,Line_3,A,1119,943,913,30.1,47.1
JOB1199,2025-01-17,Line_3,B,948,751,730,21.5,42.9
JOB1200,2025-01-17,Line_3,C,1135,991,975,16.0,19.2
JOB1201,2025-01-17,Line_4,A,1072,671,636,34.8,54.3
JOB1202,2025-01-17,Line_4,B,801,615,570,45.7,33.8
JOB1203,2025-01-17,Line_4,C,927,920,901,19.7,20.8
JOB1204,2025-01-18,Line_1,A,924,685,672,12.2,60.1
JOB1205,2025-01-18,Line_1,B,820,693,672,20.6,47.9
JOB1206,2025-01-18,Line_1,C,811,584,551,32.7,33.9
JOB1207,2025-01-18,Line_2,A,992,777,745,31.2,46.1
JOB1208,2025-01-18,Line_2,B,1125,900,895,5.1,43.9
JOB1209,2025-01-18,Line_2,C,904,898,878,19.5,11.9
JOB1210,2025-01-18,Line_3,A,1142,1074,1040,34.1,0.0
JOB1211,2025-01-18,Line_3,B,1153,958,932,25.6,44.1
JOB1212,2025-01-18,Line_3,C,816,580,541,39.7,48.1
JOB1213,2025-01-18,Line_4,A,1125,1219,1208,11.1,0.0
JOB1214,2025-01-18,Line_4,B,1130,925,905,20.1,45.6
JOB1215,2025-01-18,Line_4,C,1049,856,832,23.8,40.7
JOB1216,2025-01-19,Line_1,A,1123,885,859,26.2,52.5
JOB1217,2025-01-19,Line_1,B,1172,1078,1056,21.9,11.9
JOB1218,2025-01-19,Line_1,C,1176,1047,1018,28.6,28.4
JOB1219,2025-01-19,Line_2,A,1141,1044,1020,24.0,36.5
JOB1220,2025-01-19,Line_2,B,937,851,826,25.6,31.0
JOB1221,2025-01-19,Line_2,C,990,863,825,37.4,25.6
JOB1222,2025-01-19,Line_3,A,931,825,814,10.8,25.1
JOB1223,2025-01-19,Line_3,B,980,1038,1014,24.3,5.0
JOB1224,2025-01-19,Line_3,C,1021,881,870,11.5,26.2
JOB1225,2025-01-19,Line_4,A,1073,998,985,13.0,29.9
JOB1226,2025-01-19,Line_4,B,928,734,713,20.6,49.1
JOB1227,2025-01-19,Line_4,C,921,792,763,28.6,24.3
JOB1228,2025-01-20,Line_1,A,1165,956,929,27.1,46.4
JOB1229,2025-01-20,Line_1,B,879,665,630,34.9,39.5
JOB1230,2025-01-20,Line_1,C,911,698,678,20.0,40.6
JOB1231,2025-01-20,Line_2,A,1026,929,924,5.5,22.9
JOB1232,2025-01-20,Line_2,B,1055,825,795,30.4,36.9
JOB1233,2025-01-20,Line_2,C,880,708,675,33.7,57.0
JOB1234,2025-01-20,Line_3,A,1198,1155,1119,35.7,15.1
JOB1235,2025-01-20,Line_3,B,934,812,794,18.0,30.4
JOB1236,2025-01-20,Line_3,C,907,585,547,38.5,51.1
JOB1237,2025-01-20,Line_4,A,921,816,798,18.0,33.5
JOB1238,2025-01-20,Line_4,B,975,785,751,33.4,40.6
JOB1239,2025-01-20,Line_4,C,924,748,723,25.1,45.9
JOB1240,2025-01-21,Line_1,A,936,919,880,39.6,5.9
JOB1241,2025-01-21,Line_1,B,1007,675,638,37.0,43.6
JOB1242,2025-01-21,Line_1,C,940,866,836,30.6,31.8
JOB1243,2025-01-21,Line_2,A,1172,1167,1131,36.1,0.0
JOB1244,2025-01-21,Line_2,B,868,770,738,32.0,29.5
JOB1245,2025-01-21,Line_2,C,1169,951,924,27.7,33.9
JOB1246,2025-01-21,Line_3,A,1046,798,757,41.0,44.4
JOB1247,2025-01-21,Line_3,B,1034,939,937,1.9,33.9
JOB1248,2025-01-21,Line_3,C,823,676,635,40.9,28.4
JOB1249,2025-01-21,Line_4,A,1147,909,884,24.2,36.9
JOB1250,2025-01-21,Line_4,B,1085,969,954,14.6,49.6
JOB1251,2025-01-21,Line_4,C,871,838,830,7.7,17.7
JOB1252,2025-01-22,Line_1,A,1189,1229,1209,20.0,1.5
JOB1253,2025-01-22,Line_1,B,1174,807,764,43.8,55.9
JOB1254,2025-01-22,Line_1,C,1190,1117,1113,3.7,22.3
JOB1255,2025-01-22,Line_2,A,834,673,633,39.6,40.7
JOB1256,2025-01-22,Line_2,B,930,699,676,23.3,25.9
JOB1257,2025-01-22,Line_2,C,967,786,764,21.6,50.2
JOB1258,2025-01-22,Line_3,A,807,581,561,19.3,34.6
JOB1259,2025-01-22,Line_3,B,1011,904,886,18.3,16.1
JOB1260,2025-01-22,Line_3,C,1080,839,823,16.9,45.1
JOB1261,2025-01-22,Line_4,A,976,913,889,24.1,18.0
JOB1262,2025-01-22,Line_4,B,984,810,777,33.5,43.1
JOB1263,2025-01-22,Line_4,C,981,721,721,0.0,55.1
JOB1264,2025-01-23,Line_1,A,1102,888,880,7.5,30.9
JOB1265,2025-01-23,Line_1,B,1156,1015,990,25.8,21.2
JOB1266,2025-01-23,Line_1,C,1171,960,939,20.9,36.6
JOB1267,2025-01-23,Line_2,A,1143,897,881,15.7,47.6
JOB1268,2025-01-23,Line_2,B,1134,905,869,35.2,47.4
JOB1269,2025-01-23,Line_2,C,859,548,529,19.1,47.2
JOB1270,2025-01-23,Line_3,A,1126,1122,1085,36.9,14.9
JOB1271,2025-01-23,Line_3,B,861,653,625,28.1,32.4
JOB1272,2025-01-23,Line_3,C,807,484,452,32.3,61.3
JOB1273,2025-01-23,Line_4,A,842,542,513,29.6,39.3
JOB1274,2025-01-23,Line_4,B,1123,965,937,27.8,53.7
JOB1275,2025-01-23,Line_4,C,851,533,510,23.1,54.0
JOB1276,2025-01-24,Line_1,A,1107,555,531,23.8,87.8
JOB1277,2025-01-24,Line_1,B,1135,890,870,19.9,51.6
JOB1278,2025-01-24,Line_1,C,1041,882,862,19.9,38.7
JOB1279,2025-01-24,Line_2,A,882,740,712,28.0,31.8
JOB1280,2025-01-24,Line_2,B,904,511,486,25.0,72.2
JOB1281,2025-01-24,Line_2,C,1100,843,814,29.1,34.8
JOB1282,2025-01-24,Line_3,A,1186,997,971,25.9,35.0
JOB1283,2025-01-24,Line_3,B,1198,1025,1001,24.6,36.3
JOB1284,2025-01-24,Line_3,C,886,690,653,37.0,30.5
JOB1285,2025-01-24,Line_4,A,833,586,569,16.9,35.2
JOB1286,2025-01-24,Line_4,B,1045,1028,1019,8.8,15.2
JOB1287,2025-01-24,Line_4,C,994,908,883,25.1,22.4
JOB1288,2025-01-25,Line_1,A,1049,921,892,29.4,23.8
JOB1289,2025-01-25,Line_1,B,1052,1000,967,33.6,9.2
JOB1290,2025-01-25,Line_1,C,993,926,871,54.8,0.0
JOB1291,2025-01-25,Line_2,A,965,844,819,25.3,33.0
JOB1292,2025-01-25,Line_2,B,825,647,624,23.3,34.9
JOB1293,2025-01-25,Line_2,C,955,898,875,22.9,27.2
JOB1294,2025-01-25,Line_3,A,842,620,613,7.8,41.9
JOB1295,2025-01-25,Line_3,B,900,642,616,25.2,49.4
JOB1296,2025-01-25,Line_3,C,929,745,719,25.9,35.2
JOB1297,2025-01-25,Line_4,A,1026,891,881,10.3,43.6
JOB1298,2025-01-25,Line_4,B,1013,789,775,14.2,41.8
JOB1299,2025-01-25,Line_4,C,1163,944,900,43.5,46.9
JOB1300,2025-01-26,Line_1,A,1085,936,917,19.0,42.4
JOB1301,2025-01-26,Line_1,B,812,767,728,39.0,13.5
JOB1302,2025-01-26,Line_1,C,1128,1026,1000,26.8,34.1
JOB1303,2025-01-26,Line_2,A,822,778,762,16.2,20.3
JOB1304,2025-01-26,Line_2,B,1107,988,953,35.1,32.9
JOB1305,2025-01-26,Line_2,C,1133,802,783,19.1,50.3
JOB1306,2025-01-26,Line_3,A,990,818,791,27.8,34.3
JOB1307,2025-01-26,Line_3,B,1034,629,601,27.9,71.8
JOB1308,2025-01-26,Line_3,C,846,714,683,30.9,19.5
JOB1309,2025-01-26,Line_4,A,1145,1076,1059,17.5,32.9
JOB1310,2025-01-26,Line_4,B,1021,921,907,14.1,27.2
JOB1311,2025-01-26,Line_4,C,1108,848,824,24.1,81.1
JOB1312,2025-01-27,Line_1,A,1061,860,838,22.1,39.5
JOB1313,2025-01-27,Line_1,B,1095,948,907,41.3,55.7
JOB1314,2025-01-27,Line_1,C,877,520,513,7.1,58.3
JOB1315,2025-01-27,Line_2,A,823,480,448,32.0,54.5
JOB1316,2025-01-27,Line_2,B,844,579,552,26.8,56.9
JOB1317,2025-01-27,Line_2,C,1073,922,903,19.1,25.9
JOB1318,2025-01-27,Line_3,A,1044,812,782,30.0,36.7
JOB1319,2025-01-27,Line_3,B,804,602,558,44.4,28.8
JOB1320,2025-01-27,Line_3,C,836,897,873,23.9,26.9
JOB1321,2025-01-27,Line_4,A,818,574,559,15.5,49.4
JOB1322,2025-01-27,Line_4,B,1081,1002,984,17.8,40.8
JOB1323,2025-01-27,Line_4,C,1180,908,874,33.8,65.8
JOB1324,2025-01-28,Line_1,A,1161,1191,1167,23.9,0.0
JOB1325,2025-01-28,Line_1,B,1119,1019,994,25.0,22.8
JOB1326,2025-01-28,Line_1,C,1160,1174,1144,30.1,0.0
JOB1327,2025-01-28,Line_2,A,1084,1097,1071,25.3,0.0
JOB1328,2025-01-28,Line_2,B,1159,982,956,26.2,61.9
JOB1329,2025-01-28,Line_2,C,965,753,719,34.9,37.3
JOB1330,2025-01-28,Line_3,A,940,797,756,41.1,24.0
JOB1331,2025-01-28,Line_3,B,988,758,740,18.1,57.0
JOB1332,2025-01-28,Line_3,C,1112,832,823,8.7,48.8
JOB1333,2025-01-28,Line_4,A,1079,860,832,28.2,45.0
JOB1334,2025-01-28,Line_4,B,885,705,678,26.4,40.9
JOB1335,2025-01-28,Line_4,C,1049,1055,1024,31.0,3.9
JOB1336,2025-01-29,Line_1,A,899,701,667,33.7,59.6
JOB1337,2025-01-29,Line_1,B,873,802,778,23.4,20.6
JOB1338,2025-01-29,Line_1,C,1072,675,630,45.5,73.1
JOB1339,2025-01-29,Line_2,A,1140,903,898,4.9,52.4
JOB1340,2025-01-29,Line_2,B,878,551,513,38.5,49.9
JOB1341,2025-01-29,Line_2,C,1114,938,918,19.7,79.8
JOB1342,2025-01-29,Line_3,A,986,827,791,35.2,60.3
JOB1343,2025-01-29,Line_3,B,867,578,549,28.5,46.5
JOB1344,2025-01-29,Line_3,C,965,892,876,15.4,18.7
JOB1345,2025-01-29,Line_4,A,1116,1001,973,28.2,20.3
JOB1346,2025-01-29,Line_4,B,1196,1013,970,42.9,31.2
JOB1347,2025-01-29,Line_4,C,1149,1038,1016,21.6,18.7
JOB1348,2025-01-30,Line_1,A,879,896,876,20.0,0.0
JOB1349,2025-01-30,Line_1,B,1089,911,886,25.4,35.1
JOB1350,2025-01-30,Line_1,C,951,718,702,16.2,49.9
JOB1351,2025-01-30,Line_2,A,895,625,584,41.0,46.9
JOB1352,2025-01-30,Line_2,B,1176,1026,1013,13.1,39.9
JOB1353,2025-01-30,Line_2,C,1109,807,783,24.0,70.8
JOB1354,2025-01-30,Line_3,A,949,560,524,36.9,56.4
JOB1355,2025-01-30,Line_3,B,801,685,646,38.6,17.6
JOB1356,2025-01-30,Line_3,C,1115,980,975,5.2,35.8
JOB1357,2025-01-30,Line_4,A,861,779,734,45.6,27.0
JOB1358,2025-01-30,Line_4,B,1052,620,590,29.5,72.6
JOB1359,2025-01-30,Line_4,C,1145,981,939,41.7,33.1
JOB1360,2025-01-31,Line_1,A,868,883,864,19.0,14.9
JOB1361,2025-01-31,Line_1,B,1075,871,846,24.5,44.8
JOB1362,2025-01-31,Line_1,C,1060,954,940,13.8,15.1
JOB1363,2025-01-31,Line_2,A,841,688,671,17.3,23.0
JOB1364,2025-01-31,Line_2,B,934,789,750,38.7,26.7
JOB1365,2025-01-31,Line_2,C,1198,843,818,25.2,64.7
JOB1366,2025-01-31,Line_3,A,1160,917,882,34.7,41.1
JOB1367,2025-01-31,Line_3,B,1132,818,780,37.7,51.8
JOB1368,2025-01-31,Line_3,C,809,686,654,32.2,42.9
JOB1369,2025-01-31,Line_4,A,1091,799,775,24.6,67.8
JOB1370,2025-01-31,Line_4,B,1169,1001,973,28.3,42.9
JOB1371,2025-01-31,Line_4,C,1183,1193,1167,25.8,6.9
JOB1372,2025-02-01,Line_1,A,1058,775,730,44.7,65.4
JOB1373,2025-02-01,Line_1,B,812,571,545,25.4,34.3
JOB1374,2025-02-01,Line_1,C,958,929,905,23.4,0.0
JOB1375,2025-02-01,Line_2,A,910,745,709,36.2,33.8
JOB1376,2025-02-01,Line_2,B,882,633,618,15.0,49.9
JOB1377,2025-02-01,Line_2,C,1010,878,857,20.5,25.5
JOB1378,2025-02-01,Line_3,A,871,582,567,15.7,72.6
JOB1379,2025-02-01,Line_3,B,1047,885,860,25.5,57.4
JOB1380,2025-02-01,Line_3,C,847,668,647,21.4,43.5
JOB1381,2025-02-01,Line_4,A,1036,811,797,14.0,56.9
JOB1382,2025-02-01,Line_4,B,868,652,629,22.3,39.4
JOB1383,2025-02-01,Line_4,C,826,717,676,40.9,26.6
JOB1384,2025-02-02,Line_1,A,1034,958,942,16.2,25.9
JOB1385,2025-02-02,Line_1,B,1121,803,779,24.3,47.2
JOB1386,2025-02-02,Line_1,C,914,734,698,35.4,23.9
JOB1387,2025-02-02,Line_2,A,1084,980,963,16.7,48.8
JOB1388,2025-02-02,Line_2,B,869,642,605,37.1,27.9
JOB1389,2025-02-02,Line_2,C,1017,918,890,27.6,37.6
JOB1390,2025-02-02,Line_3,A,1045,848,826,21.8,50.2
JOB1391,2025-02-02,Line_3,B,1097,898,861,37.1,40.7
JOB1392,2025-02-02,Line_3,C,1051,966,920,45.5,24.2
JOB1393,2025-02-02,Line_4,A,903,790,766,23.2,19.2
JOB1394,2025-02-02,Line_4,B,909,768,738,30.5,25.9
JOB1395,2025-02-02,Line_4,C,1012,663,623,39.3,53.8
JOB1396,2025-02-03,Line_1,A,1155,966,930,36.6,35.7
JOB1397,2025-02-03,Line_1,B,828,604,573,31.5,49.1
JOB1398,2025-02-03,Line_1,C,933,704,697,7.2,49.5
JOB1399,2025-02-03,Line_2,A,1115,865,828,36.7,62.0
JOB1400,2025-02-03,Line_2,B,1009,881,839,42.3,31.2
JOB1401,2025-02-03,Line_2,C,1103,964,947,17.0,47.1
JOB1402,2025-02-03,Line_3,A,1181,1037,1021,15.3,24.1
JOB1403,2025-02-03,Line_3,B,1091,750,742,7.8,56.3
JOB1404,2025-02-03,Line_3,C,1052,862,849,12.6,22.6
JOB1405,2025-02-03,Line_4,A,835,594,570,24.4,57.9
JOB1406,2025-02-03,Line_4,B,914,861,825,36.4,17.6
JOB1407,2025-02-03,Line_4,C,1029,888,847,41.5,18.2
JOB1408,2025-02-04,Line_1,A,998,686,651,35.5,37.5
JOB1409,2025-02-04,Line_1,B,1019,917,917,0.0,16.7
JOB1410,2025-02-04,Line_1,C,1094,812,781,31.3,76.0
JOB1411,2025-02-04,Line_2,A,877,666,646,20.0,36.1
JOB1412,2025-02-04,Line_2,B,876,691,673,18.0,27.2
JOB1413,2025-02-04,Line_2,C,915,858,832,26.5,21.1
JOB1414,2025-02-04,Line_3,A,852,606,586,20.4,24.8
JOB1415,2025-02-04,Line_3,B,857,810,789,21.0,15.9
JOB1416,2025-02-04,Line_3,C,1170,905,886,18.2,64.4
JOB1417,2025-02-04,Line_4,A,1053,979,959,19.8,18.1
JOB1418,2025-02-04,Line_4,B,846,836,824,11.6,16.9
JOB1419,2025-02-04,Line_4,C,1140,868,832,36.7,50.3
JOB1420,2025-02-05,Line_1,A,1071,824,806,18.4,59.0
JOB1421,2025-02-05,Line_1,B,933,795,771,23.7,26.4
JOB1422,2025-02-05,Line_1,C,867,586,557,28.8,56.2
JOB1423,2025-02-05,Line_2,A,1036,953,919,33.9,24.4
JOB1424,2025-02-05,Line_2,B,917,702,677,24.7,37.2
JOB1425,2025-02-05,Line_2,C,807,519,497,22.7,59.6
JOB1426,2025-02-05,Line_3,A,992,859,851,8.6,43.3
JOB1427,2025-02-05,Line_3,B,920,720,705,14.5,24.7
JOB1428,2025-02-05,Line_3,C,1136,999,980,18.6,32.7
JOB1429,2025-02-05,Line_4,A,886,787,757,29.3,40.7
JOB1430,2025-02-05,Line_4,B,1143,1143,1103,40.1,0.0
JOB1431,2025-02-05,Line_4,C,1168,1090,1085,5.3,15.6
JOB1432,2025-02-06,Line_1,A,1186,886,843,43.5,47.8
JOB1433,2025-02-06,Line_1,B,1081,914,891,22.7,27.5
JOB1434,2025-02-06,Line_1,C,1082,1086,1058,27.2,0.0
JOB1435,2025-02-06,Line_2,A,1023,845,824,21.2,58.4
JOB1436,2025-02-06,Line_2,B,813,800,773,26.4,12.0
JOB1437,2025-02-06,Line_2,C,1106,979,948,31.3,33.1
JOB1438,2025-02-06,Line_3,A,851,654,629,25.0,46.2
JOB1439,2025-02-06,Line_3,B,885,539,521,17.6,55.2
JOB1440,2025-02-06,Line_3,C,1156,919,893,25.6,38.5
JOB1441,2025-02-06,Line_4,A,909,885,880,5.4,15.1
JOB1442,2025-02-06,Line_4,B,943,849,818,31.2,31.4
JOB1443,2025-02-06,Line_4,C,1128,836,802,33.9,61.2
JOB1444,2025-02-07,Line_1,A,1157,1008,980,28.3,18.7
JOB1445,2025-02-07,Line_1,B,1174,1173,1140,33.5,11.0
JOB1446,2025-02-07,Line_1,C,807,489,458,30.5,58.4
JOB1447,2025-02-07,Line_2,A,1112,1046,1001,44.6,23.1
JOB1448,2025-02-07,Line_2,B,1197,1226,1197,28.7,7.2
JOB1449,2025-02-07,Line_2,C,904,780,770,10.2,38.0
JOB1450,2025-02-07,Line_3,A,936,866,823,43.5,43.5
JOB1451,2025-02-07,Line_3,B,1048,898,879,19.7,33.1
JOB1452,2025-02-07,Line_3,C,951,718,686,31.8,41.9
JOB1453,2025-02-07,Line_4,A,995,880,867,12.7,49.9
JOB1454,2025-02-07,Line_4,B,1023,880,869,10.9,49.3
JOB1455,2025-02-07,Line_4,C,1129,1072,1048,24.9,11.6
JOB1456,2025-02-08,Line_1,A,1037,841,820,20.7,42.5
JOB1457,2025-02-08,Line_1,B,862,712,690,22.0,59.4
JOB1458,2025-02-08,Line_1,C,1042,895,870,24.5,36.1
JOB1459,2025-02-08,Line_2,A,918,731,694,36.9,54.8
JOB1460,2025-02-08,Line_2,B,1043,1064,1030,34.7,10.3
JOB1461,2025-02-08,Line_2,C,1112,1051,1040,11.8,21.3
JOB1462,2025-02-08,Line_3,A,1080,746,709,37.5,60.5
JOB1463,2025-02-08,Line_3,B,1013,786,765,21.0,40.2
JOB1464,2025-02-08,Line_3,C,1171,970,939,31.3,38.8
JOB1465,2025-02-08,Line_4,A,876,666,636,30.1,48.8
JOB1466,2025-02-08,Line_4,B,963,760,738,23.0,21.1
JOB1467,2025-02-08,Line_4,C,856,749,727,22.3,45.1
JOB1468,2025-02-09,Line_1,A,1052,1024,985,38.5,12.0
JOB1469,2025-02-09,Line_1,B,907,646,616,30.1,54.2
JOB1470,2025-02-09,Line_1,C,844,818,794,23.5,16.4
JOB1471,2025-02-09,Line_2,A,833,770,770,0.0,19.7
JOB1472,2025-02-09,Line_2,B,846,579,542,36.5,55.7
JOB1473,2025-02-09,Line_2,C,1096,1097,1053,44.0,18.1
JOB1474,2025-02-09,Line_3,A,865,768,754,14.5,46.3
JOB1475,2025-02-09,Line_3,B,858,781,763,18.1,12.3
JOB1476,2025-02-09,Line_3,C,834,726,699,27.1,7.7
JOB1477,2025-02-09,Line_4,A,981,891,856,35.6,16.9
JOB1478,2025-02-09,Line_4,B,846,820,797,23.1,0.2
JOB1479,2025-02-09,Line_4,C,1105,978,964,14.0,37.9
JOB1480,2025-02-10,Line_1,A,821,666,644,21.6,40.5
JOB1481,2025-02-10,Line_1,B,837,690,661,29.2,35.0
JOB1482,2025-02-10,Line_1,C,1030,921,893,28.0,22.6
JOB1483,2025-02-10,Line_2,A,1040,778,751,26.6,48.8
JOB1484,2025-02-10,Line_2,B,882,771,750,21.2,29.3
JOB1485,2025-02-10,Line_2,C,1127,999,982,16.3,26.0
JOB1486,2025-02-10,Line_3,A,1106,884,881,2.8,51.4
JOB1487,2025-02-10,Line_3,B,1039,613,579,33.5,78.5
JOB1488,2025-02-10,Line_3,C,982,970,932,38.1,9.0
JOB1489,2025-02-10,Line_4,A,865,513,491,21.3,55.1
JOB1490,2025-02-10,Line_4,B,961,820,781,38.5,23.0
JOB1491,2025-02-10,Line_4,C,1070,671,647,24.5,72.8
JOB1492,2025-02-11,Line_1,A,873,753,704,48.4,18.8
JOB1493,2025-02-11,Line_1,B,1112,843,820,22.7,47.7
JOB1494,2025-02-11,Line_1,C,962,870,854,15.9,18.3
JOB1495,2025-02-11,Line_2,A,817,683,645,38.8,34.7
JOB1496,2025-02-11,Line_2,B,1038,906,865,41.4,34.5
JOB1497,2025-02-11,Line_2,C,983,707,683,24.5,51.3
JOB1498,2025-02-11,Line_3,A,1143,993,969,24.7,50.6
JOB1499,2025-02-11,Line_3,B,971,861,824,37.1,25.9
JOB1500,2025-02-11,Line_3,C,852,671,661,10.6,33.0
JOB1501,2025-02-11,Line_4,A,1000,946,911,34.8,27.1
JOB1502,2025-02-11,Line_4,B,847,719,706,12.8,25.6
JOB1503,2025-02-11,Line_4,C,824,825,812,13.6,0.0
JOB1504,2025-02-12,Line_1,A,1173,1088,1064,24.4,33.5
JOB1505,2025-02-12,Line_1,B,945,924,896,27.2,36.3
JOB1506,2025-02-12,Line_1,C,1140,953,935,18.7,38.2
JOB1507,2025-02-12,Line_2,A,898,806,770,36.3,22.3
JOB1508,2025-02-12,Line_2,B,871,813,786,27.3,25.3
JOB1509,2025-02-12,Line_2,C,871,666,622,44.1,36.1
JOB1510,2025-02-12,Line_3,A,828,593,568,25.3,39.9
JOB1511,2025-02-12,Line_3,B,1050,831,818,12.3,28.5
JOB1512,2025-02-12,Line_3,C,871,741,701,39.4,33.5
JOB1513,2025-02-12,Line_4,A,864,672,655,16.8,42.6
JOB1514,2025-02-12,Line_4,B,906,780,751,29.4,14.4
JOB1515,2025-02-12,Line_4,C,1183,1058,1035,22.8,25.6
JOB1516,2025-02-13,Line_1,A,1120,922,884,38.2,32.2
JOB1517,2025-02-13,Line_1,B,1160,1007,986,21.3,44.5
JOB1518,2025-02-13,Line_1,C,800,609,568,41.3,41.7
JOB1519,2025-02-13,Line_2,A,1016,842,815,26.7,29.8
JOB1520,2025-02-13,Line_2,B,1066,765,744,20.8,55.5
JOB1521,2025-02-13,Line_2,C,1023,808,797,11.0,32.6
JOB1522,2025-02-13,Line_3,A,1116,966,944,22.3,43.4
JOB1523,2025-02-13,Line_3,B,808,526,514,12.7,45.5
JOB1524,2025-02-13,Line_3,C,1079,1035,1008,27.3,7.5
JOB1525,2025-02-13,Line_4,A,877,851,845,6.7,10.8
JOB1526,2025-02-13,Line_4,B,1115,1020,990,29.7,20.1
JOB1527,2025-02-13,Line_4,C,933,765,756,9.2,25.2
JOB1528,2025-02-14,Line_1,A,1167,978,956,22.4,66.4
JOB1529,2025-02-14,Line_1,B,901,587,557,29.6,58.0
JOB1530,2025-02-14,Line_1,C,919,840,828,12.0,7.1
JOB1531,2025-02-14,Line_2,A,891,756,729,27.3,12.7
JOB1532,2025-02-14,Line_2,B,1098,1046,1015,30.6,11.1
JOB1533,2025-02-14,Line_2,C,809,620,597,22.4,46.4
JOB1534,2025-02-14,Line_3,A,987,973,949,23.7,7.2
JOB1535,2025-02-14,Line_3,B,1025,811,785,25.8,59.7
JOB1536,2025-02-14,Line_3,C,1023,1056,1019,37.0,8.0
JOB1537,2025-02-14,Line_4,A,842,725,705,20.3,27.9
JOB1538,2025-02-14,Line_4,B,908,776,772,3.8,31.4
JOB1539,2025-02-14,Line_4,C,890,640,633,7.3,52.5
JOB1540,2025-02-15,Line_1,A,1197,1166,1138,27.7,22.4
JOB1541,2025-02-15,Line_1,B,858,659,618,40.4,29.7
JOB1542,2025-02-15,Line_1,C,824,622,608,14.9,46.4
JOB1543,2025-02-15,Line_2,A,901,877,818,59.0,18.3
JOB1544,2025-02-15,Line_2,B,872,676,631,45.1,35.3
JOB1545,2025-02-15,Line_2,C,984,905,863,42.2,16.2
JOB1546,2025-02-15,Line_3,A,955,717,701,16.6,45.6
JOB1547,2025-02-15,Line_3,B,868,717,686,30.9,50.2
JOB1548,2025-02-15,Line_3,C,1097,882,841,41.8,63.4
JOB1549,2025-02-15,Line_4,A,1078,926,890,36.4,36.2
JOB1550,2025-02-15,Line_4,B,1015,804,779,24.4,46.1
JOB1551,2025-02-15,Line_4,C,976,934,916,17.2,33.1
JOB1552,2025-02-16,Line_1,A,898,779,753,26.3,22.0
JOB1553,2025-02-16,Line_1,B,944,875,845,30.0,24.4
JOB1554,2025-02-16,Line_1,C,939,646,622,23.1,61.1
JOB1555,2025-02-16,Line_2,A,822,573,561,12.3,50.1
JOB1556,2025-02-16,Line_2,B,1117,945,905,39.7,41.3
JOB1557,2025-02-16,Line_2,C,1022,898,876,22.6,19.6
JOB1558,2025-02-16,Line_3,A,1192,914,900,14.1,82.5
JOB1559,2025-02-16,Line_3,B,1050,1004,982,22.4,20.0
JOB1560,2025-02-16,Line_3,C,919,737,716,20.5,51.7
JOB1561,2025-02-16,Line_4,A,1185,1030,1001,28.3,14.0
JOB1562,2025-02-16,Line_4,B,837,634,588,45.2,42.6
JOB1563,2025-02-16,Line_4,C,1000,687,644,43.3,59.5
JOB1564,2025-02-17,Line_1,A,1133,964,938,26.5,48.4
JOB1565,2025-02-17,Line_1,B,984,688,673,14.3,47.5
JOB1566,2025-02-17,Line_1,C,1063,947,911,35.8,28.1
JOB1567,2025-02-17,Line_2,A,811,806,777,28.7,17.1
JOB1568,2025-02-17,Line_2,B,996,759,732,26.6,50.7
JOB1569,2025-02-17,Line_2,C,842,646,611,34.7,40.9
JOB1570,2025-02-17,Line_3,A,827,541,512,28.4,53.2
JOB1571,2025-02-17,Line_3,B,966,787,750,36.6,34.5
JOB1572,2025-02-17,Line_3,C,979,774,741,32.6,38.0
JOB1573,2025-02-17,Line_4,A,816,660,648,11.8,44.4
JOB1574,2025-02-17,Line_4,B,975,837,828,8.4,31.3
JOB1575,2025-02-17,Line_4,C,880,785,751,34.4,30.3
JOB1576,2025-02-18,Line_1,A,1055,877,853,23.2,29.0
JOB1577,2025-02-18,Line_1,B,946,875,845,29.8,33.3
JOB1578,2025-02-18,Line_1,C,1146,1024,1006,17.8,24.5
JOB1579,2025-02-18,Line_2,A,1187,1184,1170,13.8,12.4
JOB1580,2025-02-18,Line_2,B,988,840,811,28.9,30.7
JOB1581,2025-02-18,Line_2,C,943,773,734,39.0,35.4
JOB1582,2025-02-18,Line_3,A,1068,1013,993,20.3,33.6
JOB1583,2025-02-18,Line_3,B,1161,1027,1008,18.9,27.4
JOB1584,2025-02-18,Line_3,C,1158,962,946,15.6,36.1
JOB1585,2025-02-18,Line_4,A,1085,911,904,6.7,56.0
JOB1586,2025-02-18,Line_4,B,1159,1124,1107,16.6,19.2
JOB1587,2025-02-18,Line_4,C,929,819,796,22.4,40.7
JOB1588,2025-02-19,Line_1,A,930,788,775,12.1,15.7
JOB1589,2025-02-19,Line_1,B,956,753,733,19.8,46.5
JOB1590,2025-02-19,Line_1,C,1044,825,811,14.1,45.6
JOB1591,2025-02-19,Line_2,A,810,380,370,10.6,66.8
JOB1592,2025-02-19,Line_2,B,993,950,934,16.4,22.4
JOB1593,2025-02-19,Line_2,C,895,740,709,31.4,19.6
JOB1594,2025-02-19,Line_3,A,803,580,554,25.8,42.0
JOB1595,2025-02-19,Line_3,B,1198,970,962,8.1,56.2
JOB1596,2025-02-19,Line_3,C,1038,1096,1072,24.0,0.0
JOB1597,2025-02-19,Line_4,A,1040,978,951,27.1,26.5
JOB1598,2025-02-19,Line_4,B,1069,963,939,23.8,33.9
JOB1599,2025-02-19,Line_4,C,1060,978,956,22.1,18.0
JOB1600,2025-02-20,Line_1,A,934,752,708,43.6,43.5
JOB1601,2025-02-20,Line_1,B,931,1009,1004,4.9,0.0
JOB1602,2025-02-20,Line_1,C,947,731,698,33.5,69.8
JOB1603,2025-02-20,Line_2,A,988,939,909,29.8,24.7
JOB1604,2025-02-20,Line_2,B,1035,912,861,50.9,27.7
JOB1605,2025-02-20,Line_2,C,915,686,666,20.0,42.5
JOB1606,2025-02-20,Line_3,A,916,861,847,13.7,26.7
JOB1607,2025-02-20,Line_3,B,914,766,751,15.2,45.4
JOB1608,2025-02-20,Line_3,C,941,719,695,24.9,43.6
JOB1609,2025-02-20,Line_4,A,1169,1080,1073,7.4,30.0
JOB1610,2025-02-20,Line_4,B,854,576,540,35.6,47.5
JOB1611,2025-02-20,Line_4,C,844,592,556,35.9,39.9
JOB1612,2025-02-21,Line_1,A,1023,688,668,20.6,64.1
JOB1613,2025-02-21,Line_1,B,1075,780,749,31.7,50.2
JOB1614,2025-02-21,Line_1,C,977,773,742,30.6,68.1
JOB1615,2025-02-21,Line_2,A,895,849,834,14.7,32.5
JOB1616,2025-02-21,Line_2,B,936,948,917,31.0,2.8
JOB1617,2025-02-21,Line_2,C,985,811,774,37.7,40.0
JOB1618,2025-02-21,Line_3,A,1064,782,749,33.1,41.4
JOB1619,2025-02-21,Line_3,B,1094,810,784,26.0,49.7
JOB1620,2025-02-21,Line_3,C,926,723,695,28.8,39.3
JOB1621,2025-02-21,Line_4,A,906,691,665,25.9,49.5
JOB1622,2025-02-21,Line_4,B,1065,986,966,19.6,36.2
JOB1623,2025-02-21,Line_4,C,852,665,651,13.2,38.8
JOB1624,2025-02-22,Line_1,A,971,617,601,16.2,66.4
JOB1625,2025-02-22,Line_1,B,1163,865,835,30.0,60.5
JOB1626,2025-02-22,Line_1,C,972,706,675,31.4,41.7
JOB1627,2025-02-22,Line_2,A,1079,915,899,15.8,37.6
JOB1628,2025-02-22,Line_2,B,1070,905,898,7.8,32.5
JOB1629,2025-02-22,Line_2,C,882,713,691,22.3,39.3
JOB1630,2025-02-22,Line_3,A,1138,992,953,39.8,23.3
JOB1631,2025-02-22,Line_3,B,835,782,755,27.4,8.3
JOB1632,2025-02-22,Line_3,C,1040,881,844,36.4,33.2
JOB1633,2025-02-22,Line_4,A,989,932,911,20.9,16.0
JOB1634,2025-02-22,Line_4,B,1006,747,722,25.5,66.8
JOB1635,2025-02-22,Line_4,C,1088,1010,1003,7.3,52.2
JOB1636,2025-02-23,Line_1,A,820,657,632,25.2,40.4
JOB1637,2025-02-23,Line_1,B,1089,942,928,13.4,51.8
JOB1638,2025-02-23,Line_1,C,947,902,865,37.2,5.7
JOB1639,2025-02-23,Line_2,A,912,832,814,17.7,24.6
JOB1640,2025-02-23,Line_2,B,904,601,576,25.6,51.2
JOB1641,2025-02-23,Line_2,C,913,749,720,29.3,30.0
JOB1642,2025-02-23,Line_3,A,1041,878,843,34.4,57.6
JOB1643,2025-02-23,Line_3,B,967,796,767,29.2,26.2
JOB1644,2025-02-23,Line_3,C,1070,1044,998,45.4,12.4
JOB1645,2025-02-23,Line_4,A,1066,701,676,25.8,59.3
JOB1646,2025-02-23,Line_4,B,1045,971,938,33.3,7.2
JOB1647,2025-02-23,Line_4,C,921,728,707,20.3,36.3
JOB1648,2025-02-24,Line_1,A,885,845,813,32.7,6.1
JOB1649,2025-02-24,Line_1,B,912,766,723,43.5,25.7
JOB1650,2025-02-24,Line_1,C,1072,980,966,14.2,18.7
JOB1651,2025-02-24,Line_2,A,999,678,670,8.4,51.7
JOB1652,2025-02-24,Line_2,B,976,749,725,24.6,52.9
JOB1653,2025-02-24,Line_2,C,1013,856,838,17.4,26.2
JOB1654,2025-02-24,Line_3,A,827,558,532,26.3,58.2
JOB1655,2025-02-24,Line_3,B,845,733,704,29.3,34.1
JOB1656,2025-02-24,Line_3,C,1047,1091,1071,20.7,0.1
JOB1657,2025-02-24,Line_4,A,1074,988,967,20.4,33.3
JOB1658,2025-02-24,Line_4,B,954,580,539,41.0,54.8
JOB1659,2025-02-24,Line_4,C,1167,1014,978,35.7,38.7
JOB1660,2025-02-25,Line_1,A,1137,976,952,24.4,37.3
JOB1661,2025-02-25,Line_1,B,1137,975,952,22.3,51.5
JOB1662,2025-02-25,Line_1,C,853,684,669,15.0,29.0
JOB1663,2025-02-25,Line_2,A,947,865,841,23.8,37.3
JOB1664,2025-02-25,Line_2,B,1156,883,853,29.9,46.3
JOB1665,2025-02-25,Line_2,C,852,582,554,28.8,59.4
JOB1666,2025-02-25,Line_3,A,991,824,801,23.0,24.7
JOB1667,2025-02-25,Line_3,B,1116,817,789,27.5,38.3
JOB1668,2025-02-25,Line_3,C,817,738,717,21.0,29.9
JOB1669,2025-02-25,Line_4,A,1011,937,922,15.1,14.8
JOB1670,2025-02-25,Line_4,B,1109,1016,974,42.1,20.1
JOB1671,2025-02-25,Line_4,C,1014,967,940,27.3,15.8
JOB1672,2025-02-26,Line_1,A,825,626,612,14.2,42.1
JOB1673,2025-02-26,Line_1,B,941,706,683,23.1,31.5
JOB1674,2025-02-26,Line_1,C,1057,935,918,16.3,17.5
JOB1675,2025-02-26,Line_2,A,1053,698,673,24.8,58.5
JOB1676,2025-02-26,Line_2,B,894,734,705,28.8,34.5
JOB1677,2025-02-26,Line_2,C,1180,1061,1047,13.4,24.1
JOB1678,2025-02-26,Line_3,A,997,923,902,20.2,31.4
JOB1679,2025-02-26,Line_3,B,1029,861,844,16.3,49.6
JOB1680,2025-02-26,Line_3,C,1062,870,836,33.9,67.3
JOB1681,2025-02-26,Line_4,A,858,742,707,35.7,20.8
JOB1682,2025-02-26,Line_4,B,1050,914,888,26.7,34.8
JOB1683,2025-02-26,Line_4,C,1016,832,797,34.6,35.8
JOB1684,2025-02-27,Line_1,A,1047,865,838,26.7,42.6
JOB1685,2025-02-27,Line_1,B,827,683,660,23.9,34.4
JOB1686,2025-02-27,Line_1,C,936,723,690,33.0,40.7
JOB1687,2025-02-27,Line_2,A,1002,1044,1025,19.2,11.5
JOB1688,2025-02-27,Line_2,B,1164,1097,1075,22.5,17.6
JOB1689,2025-02-27,Line_2,C,931,746,737,8.2,32.5
JOB1690,2025-02-27,Line_3,A,1084,826,805,21.2,52.1
JOB1691,2025-02-27,Line_3,B,829,632,613,18.3,40.6
JOB1692,2025-02-27,Line_3,C,1184,966,932,34.1,53.9
JOB1693,2025-02-27,Line_4,A,982,966,931,35.2,0.0
JOB1694,2025-02-27,Line_4,B,1179,850,827,23.5,56.7
JOB1695,2025-02-27,Line_4,C,815,649,631,17.7,46.8
JOB1696,2025-02-28,Line_1,A,907,497,473,24.2,81.4
JOB1697,2025-02-28,Line_1,B,1007,897,866,30.4,59.8
JOB1698,2025-02-28,Line_1,C,1043,869,842,27.4,52.3
JOB1699,2025-02-28,Line_2,A,910,713,691,21.5,39.9
JOB1700,2025-02-28,Line_2,B,805,768,753,15.5,24.0
JOB1701,2025-02-28,Line_2,C,857,661,622,38.8,34.8
JOB1702,2025-02-28,Line_3,A,1090,1104,1083,20.6,3.3
JOB1703,2025-02-28,Line_3,B,868,654,611,42.7,35.0
JOB1704,2025-02-28,Line_3,C,1091,729,706,22.7,77.9
JOB1705,2025-02-28,Line_4,A,991,941,916,25.4,0.0
JOB1706,2025-02-28,Line_4,B,982,830,802,27.8,28.4
JOB1707,2025-02-28,Line_4,C,1086,968,945,22.7,49.8
JOB1708,2025-03-01,Line_1,A,894,718,696,22.2,59.7
JOB1709,2025-03-01,Line_1,B,815,807,777,29.8,3.3
JOB1710,2025-03-01,Line_1,C,800,538,511,26.1,53.7
JOB1711,2025-03-01,Line_2,A,990,798,776,22.2,32.6
JOB1712,2025-03-01,Line_2,B,1051,941,909,31.4,17.3
JOB1713,2025-03-01,Line_2,C,849,730,718,12.4,35.0
JOB1714,2025-03-01,Line_3,A,1115,835,800,34.7,56.8
JOB1715,2025-03-01,Line_3,B,1106,1037,1030,7.1,1.1
JOB1716,2025-03-01,Line_3,C,986,916,896,20.1,47.0
JOB1717,2025-03-01,Line_4,A,883,783,757,26.5,23.7
JOB1718,2025-03-01,Line_4,B,1192,917,877,39.7,56.2
JOB1719,2025-03-01,Line_4,C,936,736,686,49.7,41.9
JOB1720,2025-03-02,Line_1,A,1155,973,963,10.5,35.5
JOB1721,2025-03-02,Line_1,B,916,800,779,21.4,21.9
JOB1722,2025-03-02,Line_1,C,1122,1029,1004,24.9,39.4
JOB1723,2025-03-02,Line_2,A,1012,1024,1004,20.7,15.3
JOB1724,2025-03-02,Line_2,B,824,803,796,6.9,17.0
JOB1725,2025-03-02,Line_2,C,1056,1048,1028,20.7,24.5
JOB1726,2025-03-02,Line_3,A,1000,671,646,25.2,59.9
JOB1727,2025-03-02,Line_3,B,1045,782,748,34.1,51.1
JOB1728,2025-03-02,Line_3,C,944,688,649,39.3,46.0
JOB1729,2025-03-02,Line_4,A,833,706,691,14.4,36.2
JOB1730,2025-03-02,Line_4,B,1163,984,949,35.5,22.3
JOB1731,2025-03-02,Line_4,C,907,534,490,43.6,53.2
JOB1732,2025-03-03,Line_1,A,1180,1106,1086,20.5,13.7
JOB1733,2025-03-03,Line_1,B,1121,1072,1054,18.2,27.7
JOB1734,2025-03-03,Line_1,C,1116,975,944,30.7,39.1
JOB1735,2025-03-03,Line_2,A,889,745,724,21.6,44.4
JOB1736,2025-03-03,Line_2,B,829,594,578,15.7,46.0
JOB1737,2025-03-03,Line_2,C,1120,898,876,22.4,36.4
JOB1738,2025-03-03,Line_3,A,944,734,714,19.3,41.0
JOB1739,2025-03-03,Line_3,B,927,644,614,29.8,52.4
JOB1740,2025-03-03,Line_3,C,812,398,365,32.9,60.1
JOB1741,2025-03-03,Line_4,A,1181,1146,1121,25.3,9.6
JOB1742,2025-03-03,Line_4,B,1015,832,807,24.7,35.8
JOB1743,2025-03-03,Line_4,C,1080,909,888,20.8,37.5
JOB1744,2025-03-04,Line_1,A,1089,1118,1096,22.6,4.7
JOB1745,2025-03-04,Line_1,B,1062,1004,962,42.5,6.4
JOB1746,2025-03-04,Line_1,C,1074,1001,989,12.1,32.8
JOB1747,2025-03-04,Line_2,A,857,641,612,29.0,43.1
JOB1748,2025-03-04,Line_2,B,1157,972,940,32.2,29.5
JOB1749,2025-03-04,Line_2,C,974,886,871,14.3,27.9
JOB1750,2025-03-04,Line_3,A,806,760,716,43.8,0.0
JOB1751,2025-03-04,Line_3,B,1081,940,920,19.9,38.0
JOB1752,2025-03-04,Line_3,C,851,781,764,16.6,15.1
JOB1753,2025-03-04,Line_4,A,1103,1013,990,22.5,27.8
JOB1754,2025-03-04,Line_4,B,867,733,713,20.7,23.8
JOB1755,2025-03-04,Line_4,C,954,835,824,11.2,32.6
JOB1756,2025-03-05,Line_1,A,1163,1015,985,30.6,28.2
JOB1757,2025-03-05,Line_1,B,1022,762,746,16.3,54.1
JOB1758,2025-03-05,Line_1,C,1058,771,750,21.2,44.3
JOB1759,2025-03-05,Line_2,A,955,709,686,22.9,48.3
JOB1760,2025-03-05,Line_2,B,994,841,821,19.7,36.1
JOB1761,2025-03-05,Line_2,C,800,639,633,6.4,46.2
JOB1762,2025-03-05,Line_3,A,1148,879,854,24.3,36.7
JOB1763,2025-03-05,Line_3,B,913,831,814,17.5,29.9
JOB1764,2025-03-05,Line_3,C,954,766,749,17.3,33.8
JOB1765,2025-03-05,Line_4,A,831,632,595,37.0,47.0
JOB1766,2025-03-05,Line_4,B,842,629,609,20.0,38.8
JOB1767,2025-03-05,Line_4,C,1158,1040,997,42.8,21.3
JOB1768,2025-03-06,Line_1,A,802,595,560,34.8,27.7
JOB1769,2025-03-06,Line_1,B,1041,903,878,25.4,30.5
JOB1770,2025-03-06,Line_1,C,1072,900,855,45.0,31.4
JOB1771,2025-03-06,Line_2,A,1064,756,720,36.1,56.2
JOB1772,2025-03-06,Line_2,B,996,789,774,14.9,38.2
JOB1773,2025-03-06,Line_2,C,1056,916,898,18.4,66.0
JOB1774,2025-03-06,Line_3,A,861,698,670,28.3,23.8
JOB1775,2025-03-06,Line_3,B,1062,889,876,12.9,24.7
JOB1776,2025-03-06,Line_3,C,1193,1036,988,47.4,47.1
JOB1777,2025-03-06,Line_4,A,1143,1091,1081,10.6,15.4
JOB1778,2025-03-06,Line_4,B,951,627,608,19.3,76.0
JOB1779,2025-03-06,Line_4,C,922,730,703,27.3,29.0
JOB1780,2025-03-07,Line_1,A,976,770,738,32.6,48.0
JOB1781,2025-03-07,Line_1,B,1045,881,863,17.8,32.5
JOB1782,2025-03-07,Line_1,C,1169,1083,1047,36.5,49.2
JOB1783,2025-03-07,Line_2,A,932,878,856,22.0,6.7
JOB1784,2025-03-07,Line_2,B,1118,989,968,21.5,57.5
JOB1785,2025-03-07,Line_2,C,1187,858,828,29.4,79.3
JOB1786,2025-03-07,Line_3,A,866,656,656,0.0,53.0
JOB1787,2025-03-07,Line_3,B,933,607,574,33.0,42.8
JOB1788,2025-03-07,Line_3,C,964,796,761,35.3,26.0
JOB1789,2025-03-07,Line_4,A,955,849,815,34.3,23.3
JOB1790,2025-03-07,Line_4,B,802,557,526,30.4,55.4
JOB1791,2025-03-07,Line_4,C,878,650,639,10.9,69.6
JOB1792,2025-03-08,Line_1,A,1115,885,868,16.7,63.9
JOB1793,2025-03-08,Line_1,B,1111,973,950,22.8,42.1
JOB1794,2025-03-08,Line_1,C,1112,1081,1049,32.3,14.0
JOB1795,2025-03-08,Line_2,A,1016,1067,1047,20.1,2.3
JOB1796,2025-03-08,Line_2,B,892,773,757,15.8,27.7
JOB1797,2025-03-08,Line_2,C,1017,817,780,36.8,39.8
JOB1798,2025-03-08,Line_3,A,1167,1020,1012,8.3,40.1
JOB1799,2025-03-08,Line_3,B,1001,825,816,9.7,23.2
JOB1800,2025-03-08,Line_3,C,1001,832,802,29.8,37.9
JOB1801,2025-03-08,Line_4,A,1073,895,881,14.0,29.6
JOB1802,2025-03-08,Line_4,B,1182,998,980,18.3,20.5
JOB1803,2025-03-08,Line_4,C,822,842,818,24.3,0.0
JOB1804,2025-03-09,Line_1,A,851,562,520,41.7,44.9
JOB1805,2025-03-09,Line_1,B,1132,976,964,12.2,20.8
JOB1806,2025-03-09,Line_1,C,858,703,675,27.6,38.5
JOB1807,2025-03-09,Line_2,A,830,827,795,31.5,7.8
JOB1808,2025-03-09,Line_2,B,1191,1147,1127,19.4,28.8
JOB1809,2025-03-09,Line_2,C,1025,795,779,16.1,30.9
JOB1810,2025-03-09,Line_3,A,1076,1010,975,34.6,13.2
JOB1811,2025-03-09,Line_3,B,961,493,465,27.8,61.6
JOB1812,2025-03-09,Line_3,C,848,689,670,19.0,41.5
JOB1813,2025-03-09,Line_4,A,811,615,602,12.9,41.9
JOB1814,2025-03-09,Line_4,B,1116,848,837,11.4,74.3
JOB1815,2025-03-09,Line_4,C,841,738,710,28.4,38.2
JOB1816,2025-03-10,Line_1,A,804,584,561,23.4,32.9
JOB1817,2025-03-10,Line_1,B,925,647,612,34.8,57.6
JOB1818,2025-03-10,Line_1,C,1039,912,898,14.2,10.1
JOB1819,2025-03-10,Line_2,A,1187,1058,1037,21.8,18.8
JOB1820,2025-03-10,Line_2,B,1056,872,822,49.9,14.4
JOB1821,2025-03-10,Line_2,C,1114,1058,1049,9.7,13.7
JOB1822,2025-03-10,Line_3,A,930,741,696,44.6,45.1
JOB1823,2025-03-10,Line_3,B,1062,1087,1054,33.0,9.7
JOB1824,2025-03-10,Line_3,C,1084,924,913,11.4,42.5
JOB1825,2025-03-10,Line_4,A,1198,1129,1118,10.3,0.0
JOB1826,2025-03-10,Line_4,B,1075,1021,990,30.9,20.1
JOB1827,2025-03-10,Line_4,C,1089,973,945,27.1,45.2
JOB1828,2025-03-11,Line_1,A,965,785,745,39.6,41.8
JOB1829,2025-03-11,Line_1,B,1172,1069,1035,34.1,36.5
JOB1830,2025-03-11,Line_1,C,1116,980,955,25.5,42.7
JOB1831,2025-03-11,Line_2,A,1149,994,980,13.5,30.6
JOB1832,2025-03-11,Line_2,B,972,844,801,43.1,32.5
JOB1833,2025-03-11,Line_2,C,1134,987,954,32.5,51.1
JOB1834,2025-03-11,Line_3,A,1179,1068,1027,41.1,22.3
JOB1835,2025-03-11,Line_3,B,819,583,583,0.0,52.0
JOB1836,2025-03-11,Line_3,C,825,494,467,27.2,70.3
JOB1837,2025-03-11,Line_4,A,886,611,578,33.1,52.4
JOB1838,2025-03-11,Line_4,B,985,819,788,31.0,44.8
JOB1839,2025-03-11,Line_4,C,871,554,518,35.5,71.2
JOB1840,2025-03-12,Line_1,A,1186,987,975,12.2,36.1
JOB1841,2025-03-12,Line_1,B,881,659,616,43.0,63.4
JOB1842,2025-03-12,Line_1,C,1115,1084,1068,15.5,26.7
JOB1843,2025-03-12,Line_2,A,1106,948,918,30.4,29.7
JOB1844,2025-03-12,Line_2,B,807,549,511,38.0,51.0
JOB1845,2025-03-12,Line_2,C,1064,822,807,15.1,36.6
JOB1846,2025-03-12,Line_3,A,872,591,576,15.2,79.5
JOB1847,2025-03-12,Line_3,B,883,778,746,32.0,13.8
JOB1848,2025-03-12,Line_3,C,1020,726,693,32.8,52.9
JOB1849,2025-03-12,Line_4,A,1119,977,956,21.1,15.2
JOB1850,2025-03-12,Line_4,B,960,939,907,31.4,5.3
JOB1851,2025-03-12,Line_4,C,949,802,771,31.4,41.8
JOB1852,2025-03-13,Line_1,A,1044,741,729,11.8,49.8
JOB1853,2025-03-13,Line_1,B,867,782,750,31.5,26.6
JOB1854,2025-03-13,Line_1,C,1099,840,809,30.9,62.8
JOB1855,2025-03-13,Line_2,A,1100,747,723,24.2,50.1
JOB1856,2025-03-13,Line_2,B,873,606,588,18.6,45.7
JOB1857,2025-03-13,Line_2,C,863,765,750,15.1,34.4
JOB1858,2025-03-13,Line_3,A,1161,1014,985,28.7,35.7
JOB1859,2025-03-13,Line_3,B,1039,947,921,25.5,54.9
JOB1860,2025-03-13,Line_3,C,944,961,925,36.0,3.1
JOB1861,2025-03-13,Line_4,A,1074,1097,1067,29.9,8.5
JOB1862,2025-03-13,Line_4,B,996,815,803,11.4,49.4
JOB1863,2025-03-13,Line_4,C,841,673,654,18.6,34.1
JOB1864,2025-03-14,Line_1,A,921,858,842,15.8,38.1
JOB1865,2025-03-14,Line_1,B,1023,834,801,32.7,54.0
JOB1866,2025-03-14,Line_1,C,944,730,693,36.7,41.4
JOB1867,2025-03-14,Line_2,A,1045,767,737,29.9,42.4
JOB1868,2025-03-14,Line_2,B,1045,755,751,4.0,40.0
JOB1869,2025-03-14,Line_2,C,848,758,708,50.2,22.9
JOB1870,2025-03-14,Line_3,A,1173,1063,1020,42.7,33.6
JOB1871,2025-03-14,Line_3,B,972,944,915,29.7,0.0
JOB1872,2025-03-14,Line_3,C,828,587,555,32.0,31.1
JOB1873,2025-03-14,Line_4,A,988,975,952,23.3,6.1
JOB1874,2025-03-14,Line_4,B,848,652,633,18.1,28.2
JOB1875,2025-03-14,Line_4,C,1198,1095,1072,22.3,17.9
JOB1876,2025-03-15,Line_1,A,848,916,909,7.7,9.5
JOB1877,2025-03-15,Line_1,B,1108,953,897,56.3,27.9
JOB1878,2025-03-15,Line_1,C,806,707,676,31.0,36.4
JOB1879,2025-03-15,Line_2,A,1146,1093,1074,18.4,24.4
JOB1880,2025-03-15,Line_2,B,830,549,531,18.4,57.4
JOB1881,2025-03-15,Line_2,C,1086,950,917,32.7,31.4
JOB1882,2025-03-15,Line_3,A,1135,938,923,14.8,48.3
JOB1883,2025-03-15,Line_3,B,1001,862,833,29.2,34.5
JOB1884,2025-03-15,Line_3,C,1110,1051,1015,35.3,33.0
JOB1885,2025-03-15,Line_4,A,1193,1084,1062,21.9,31.3
JOB1886,2025-03-15,Line_4,B,936,793,763,30.5,39.9
JOB1887,2025-03-15,Line_4,C,1144,894,885,9.0,45.8
JOB1888,2025-03-16,Line_1,A,861,815,767,47.7,0.6
JOB1889,2025-03-16,Line_1,B,888,668,628,39.2,41.0
JOB1890,2025-03-16,Line_1,C,1141,883,849,34.3,59.5
JOB1891,2025-03-16,Line_2,A,1176,981,958,23.1,36.3
JOB1892,2025-03-16,Line_2,B,833,687,651,36.6,41.1
JOB1893,2025-03-16,Line_2,C,1163,1048,1007,41.5,31.7
JOB1894,2025-03-16,Line_3,A,1134,1073,1052,20.8,26.4
JOB1895,2025-03-16,Line_3,B,910,877,862,15.8,8.0
JOB1896,2025-03-16,Line_3,C,864,770,745,24.1,26.0
JOB1897,2025-03-16,Line_4,A,1070,924,899,24.7,22.1
JOB1898,2025-03-16,Line_4,B,1146,994,956,37.8,34.8
JOB1899,2025-03-16,Line_4,C,1175,1052,1040,12.2,44.2
JOB1900,2025-03-17,Line_1,A,830,782,763,19.1,44.7
JOB1901,2025-03-17,Line_1,B,928,785,772,13.1,21.5
JOB1902,2025-03-17,Line_1,C,1154,1224,1202,22.3,0.0
JOB1903,2025-03-17,Line_2,A,1119,901,880,21.3,57.2
JOB1904,2025-03-17,Line_2,B,927,720,694,26.0,49.2
JOB1905,2025-03-17,Line_2,C,838,662,620,41.7,25.6
JOB1906,2025-03-17,Line_3,A,1091,900,874,26.4,48.4
JOB1907,2025-03-17,Line_3,B,1175,1183,1171,11.9,0.0
JOB1908,2025-03-17,Line_3,C,1086,1060,1031,28.7,15.6
JOB1909,2025-03-17,Line_4,A,1133,968,947,21.0,29.3
JOB1910,2025-03-17,Line_4,B,1004,883,865,17.3,40.1
JOB1911,2025-03-17,Line_4,C,1164,949,930,18.6,47.4
JOB1912,2025-03-18,Line_1,A,1148,1034,1004,29.8,23.0
JOB1913,2025-03-18,Line_1,B,937,583,569,13.7,64.7
JOB1914,2025-03-18,Line_1,C,865,761,734,26.8,35.1
JOB1915,2025-03-18,Line_2,A,939,777,747,30.4,32.1
JOB1916,2025-03-18,Line_2,B,929,626,589,36.1,51.2
JOB1917,2025-03-18,Line_2,C,1127,941,931,10.3,25.5
JOB1918,2025-03-18,Line_3,A,878,842,802,39.8,49.8
JOB1919,2025-03-18,Line_3,B,1123,1026,1002,23.7,15.3
JOB1920,2025-03-18,Line_3,C,1018,828,801,26.2,31.9
JOB1921,2025-03-18,Line_4,A,806,815,788,27.0,14.6
JOB1922,2025-03-18,Line_4,B,985,723,723,0.1,39.7
JOB1923,2025-03-18,Line_4,C,951,609,599,9.8,56.9
JOB1924,2025-03-19,Line_1,A,885,813,806,7.3,1.6
JOB1925,2025-03-19,Line_1,B,971,830,811,19.5,23.7
JOB1926,2025-03-19,Line_1,C,930,888,866,22.0,21.1
JOB1927,2025-03-19,Line_2,A,1158,1075,1062,13.1,23.9
JOB1928,2025-03-19,Line_2,B,1139,1098,1092,5.7,17.8
JOB1929,2025-03-19,Line_2,C,1185,989,957,32.8,28.0
JOB1930,2025-03-19,Line_3,A,1041,962,921,41.2,32.4
JOB1931,2025-03-19,Line_3,B,950,773,745,28.1,23.1
JOB1932,2025-03-19,Line_3,C,969,662,623,39.4,69.8
JOB1933,2025-03-19,Line_4,A,988,935,918,17.1,22.1
JOB1934,2025-03-19,Line_4,B,922,640,614,25.6,70.9
JOB1935,2025-03-19,Line_4,C,1014,958,940,18.2,3.1
JOB1936,2025-03-20,Line_1,A,1065,930,889,40.7,26.1
JOB1937,2025-03-20,Line_1,B,873,618,604,14.4,48.5
JOB1938,2025-03-20,Line_1,C,1011,701,678,22.6,41.0
JOB1939,2025-03-20,Line_2,A,1041,756,720,35.9,52.3
JOB1940,2025-03-20,Line_2,B,1180,1042,1010,31.7,31.0
JOB1941,2025-03-20,Line_2,C,1093,1097,1061,36.1,2.7
JOB1942,2025-03-20,Line_3,A,803,645,615,29.2,32.4
JOB1943,2025-03-20,Line_3,B,884,743,718,25.0,19.9
JOB1944,2025-03-20,Line_3,C,1046,698,664,34.5,64.7
JOB1945,2025-03-20,Line_4,A,1027,903,874,29.3,13.5
JOB1946,2025-03-20,Line_4,B,1159,864,823,40.4,36.9
JOB1947,2025-03-20,Line_4,C,1148,952,936,16.8,25.5
JOB1948,2025-03-21,Line_1,A,957,685,671,13.9,48.1
JOB1949,2025-03-21,Line_1,B,1130,911,900,10.9,48.1
JOB1950,2025-03-21,Line_1,C,801,663,626,37.3,57.9
JOB1951,2025-03-21,Line_2,A,801,561,514,47.1,67.0
JOB1952,2025-03-21,Line_2,B,1078,897,877,20.2,36.5
JOB1953,2025-03-21,Line_2,C,940,650,637,13.5,64.3
JOB1954,2025-03-21,Line_3,A,1089,951,925,26.2,13.0
JOB1955,2025-03-21,Line_3,B,849,660,620,40.7,39.1
JOB1956,2025-03-21,Line_3,C,827,627,589,37.7,26.2
JOB1957,2025-03-21,Line_4,A,1099,1059,1030,29.6,11.2
JOB1958,2025-03-21,Line_4,B,896,772,743,28.4,20.5
JOB1959,2025-03-21,Line_4,C,1003,817,802,15.0,44.0
JOB1960,2025-03-22,Line_1,A,909,744,721,23.0,33.2
JOB1961,2025-03-22,Line_1,B,1097,926,888,38.4,55.2
JOB1962,2025-03-22,Line_1,C,942,815,781,33.9,27.4
JOB1963,2025-03-22,Line_2,A,1006,898,855,43.2,38.9
JOB1964,2025-03-22,Line_2,B,1152,963,929,34.3,26.3
JOB1965,2025-03-22,Line_2,C,943,741,735,6.1,67.6
JOB1966,2025-03-22,Line_3,A,952,771,743,27.7,28.6
JOB1967,2025-03-22,Line_3,B,866,746,710,35.5,24.2
JOB1968,2025-03-22,Line_3,C,1054,936,912,24.2,18.0
JOB1969,2025-03-22,Line_4,A,1096,854,815,39.5,46.8
JOB1970,2025-03-22,Line_4,B,881,842,817,25.8,16.6
JOB1971,2025-03-22,Line_4,C,865,697,661,35.8,30.2
JOB1972,2025-03-23,Line_1,A,879,720,684,36.0,25.5
JOB1973,2025-03-23,Line_1,B,863,610,600,10.0,38.2
JOB1974,2025-03-23,Line_1,C,1094,913,902,10.8,40.4
JOB1975,2025-03-23,Line_2,A,933,839,824,14.2,22.2
JOB1976,2025-03-23,Line_2,B,886,766,735,30.1,20.7
JOB1977,2025-03-23,Line_2,C,959,748,722,26.0,40.3
JOB1978,2025-03-23,Line_3,A,1140,1104,1087,17.4,19.3
JOB1979,2025-03-23,Line_3,B,1035,1079,1036,42.8,20.1
JOB1980,2025-03-23,Line_3,C,1050,625,586,39.5,65.3
JOB1981,2025-03-23,Line_4,A,801,696,686,10.2,27.7
JOB1982,2025-03-23,Line_4,B,1142,1003,976,26.6,51.7
JOB1983,2025-03-23,Line_4,C,1191,1060,1035,24.9,25.6
JOB1984,2025-03-24,Line_1,A,1067,846,824,21.9,65.2
JOB1985,2025-03-24,Line_1,B,1032,927,891,35.9,34.1
JOB1986,2025-03-24,Line_1,C,934,712,688,23.5,33.6
JOB1987,2025-03-24,Line_2,A,995,798,757,41.0,32.8
JOB1988,2025-03-24,Line_2,B,932,848,846,1.1,22.4
JOB1989,2025-03-24,Line_2,C,801,763,738,24.9,32.4
JOB1990,2025-03-24,Line_3,A,847,481,469,12.5,72.1
JOB1991,2025-03-24,Line_3,B,1082,1023,1003,19.7,5.6
JOB1992,2025-03-24,Line_3,C,1033,795,764,30.7,54.0
JOB1993,2025-03-24,Line_4,A,1197,1042,1004,37.5,29.5
JOB1994,2025-03-24,Line_4,B,955,869,844,25.4,32.9
JOB1995,2025-03-24,Line_4,C,822,635,610,24.6,57.0
JOB1996,2025-03-25,Line_1,A,996,895,878,16.9,31.3
JOB1997,2025-03-25,Line_1,B,1013,692,654,38.3,51.0
JOB1998,2025-03-25,Line_1,C,1171,1065,1051,14.5,14.9
JOB1999,2025-03-25,Line_2,A,1146,1145,1122,22.6,23.0
JOB2000,2025-03-25,Line_2,B,1155,1027,999,27.4,25.1
JOB2001,2025-03-25,Line_2,C,969,833,810,22.9,33.2
JOB2002,2025-03-25,Line_3,A,998,790,754,36.6,29.9
JOB2003,2025-03-25,Line_3,B,897,664,646,17.3,51.2
JOB2004,2025-03-25,Line_3,C,894,662,641,21.6,34.8
JOB2005,2025-03-25,Line_4,A,830,839,809,30.2,17.1
JOB2006,2025-03-25,Line_4,B,812,617,600,17.0,52.4
JOB2007,2025-03-25,Line_4,C,999,938,903,34.8,19.2
JOB2008,2025-03-26,Line_1,A,1065,1038,1002,35.9,12.6
JOB2009,2025-03-26,Line_1,B,1054,860,832,27.7,40.3
JOB2010,2025-03-26,Line_1,C,852,530,506,24.2,53.9
JOB2011,2025-03-26,Line_2,A,904,622,606,16.3,51.0
JOB2012,2025-03-26,Line_2,B,1036,608,595,13.6,63.4
JOB2013,2025-03-26,Line_2,C,1155,1017,1000,17.0,37.2
JOB2014,2025-03-26,Line_3,A,848,782,765,17.2,17.4
JOB2015,2025-03-26,Line_3,B,1026,729,704,24.3,47.9
JOB2016,2025-03-26,Line_3,C,996,952,924,27.5,27.7
JOB2017,2025-03-26,Line_4,A,840,527,495,31.6,35.8
JOB2018,2025-03-26,Line_4,B,990,844,821,23.9,20.4
JOB2019,2025-03-26,Line_4,C,1004,845,810,34.4,30.0
JOB2020,2025-03-27,Line_1,A,911,619,599,20.0,46.4
JOB2021,2025-03-27,Line_1,B,1153,884,864,20.2,49.6
JOB2022,2025-03-27,Line_1,C,846,509,472,37.3,67.3
JOB2023,2025-03-27,Line_2,A,1057,1099,1072,27.0,0.0
JOB2024,2025-03-27,Line_2,B,868,832,810,22.1,21.4
JOB2025,2025-03-27,Line_2,C,937,846,822,24.2,21.6
JOB2026,2025-03-27,Line_3,A,1121,1002,966,36.1,35.9
JOB2027,2025-03-27,Line_3,B,881,682,670,12.2,48.6
JOB2028,2025-03-27,Line_3,C,940,755,734,20.4,32.6
JOB2029,2025-03-27,Line_4,A,884,622,596,26.1,39.1
JOB2030,2025-03-27,Line_4,B,889,851,822,28.7,9.0
JOB2031,2025-03-27,Line_4,C,1033,833,810,23.2,39.4
JOB2032,2025-03-28,Line_1,A,1198,959,934,25.0,52.0
JOB2033,2025-03-28,Line_1,B,1067,698,673,25.2,50.5
JOB2034,2025-03-28,Line_1,C,1095,745,722,22.9,61.0
JOB2035,2025-03-28,Line_2,A,936,766,740,26.0,41.3
JOB2036,2025-03-28,Line_2,B,961,897,868,29.2,24.7
JOB2037,2025-03-28,Line_2,C,1078,1147,1130,17.0,10.0
JOB2038,2025-03-28,Line_3,A,1176,997,973,24.2,20.7
JOB2039,2025-03-28,Line_3,B,896,800,785,14.7,36.6
JOB2040,2025-03-28,Line_3,C,1053,814,800,13.5,40.2
JOB2041,2025-03-28,Line_4,A,896,677,657,20.7,50.9
JOB2042,2025-03-28,Line_4,B,925,842,797,44.6,18.3
JOB2043,2025-03-28,Line_4,C,887,816,794,21.7,0.0
JOB2044,2025-03-29,Line_1,A,864,733,717,16.5,24.2
JOB2045,2025-03-29,Line_1,B,1152,998,960,38.5,52.4
JOB2046,2025-03-29,Line_1,C,845,662,630,31.6,43.8
JOB2047,2025-03-29,Line_2,A,1039,796,781,15.3,40.7
JOB2048,2025-03-29,Line_2,B,1142,1123,1110,12.7,6.6
JOB2049,2025-03-29,Line_2,C,816,676,650,25.9,42.2
JOB2050,2025-03-29,Line_3,A,1093,936,925,11.7,36.1
JOB2051,2025-03-29,Line_3,B,1017,756,746,10.0,59.2
JOB2052,2025-03-29,Line_3,C,1077,955,941,14.6,7.6
JOB2053,2025-03-29,Line_4,A,879,690,649,41.6,55.0
JOB2054,2025-03-29,Line_4,B,874,644,619,24.7,80.5
JOB2055,2025-03-29,Line_4,C,1010,713,691,21.8,43.3
JOB2056,2025-03-30,Line_1,A,944,803,782,20.3,29.6
JOB2057,2025-03-30,Line_1,B,1108,997,975,22.6,28.4
JOB2058,2025-03-30,Line_1,C,1029,811,793,18.5,23.0
JOB2059,2025-03-30,Line_2,A,1075,811,787,23.8,47.8
JOB2060,2025-03-30,Line_2,B,970,854,843,11.5,25.8
JOB2061,2025-03-30,Line_2,C,887,698,669,29.0,45.6
JOB2062,2025-03-30,Line_3,A,1145,1066,1024,41.2,11.7
JOB2063,2025-03-30,Line_3,B,1137,1041,1020,21.2,21.1
JOB2064,2025-03-30,Line_3,C,1162,924,898,26.6,38.5
JOB2065,2025-03-30,Line_4,A,922,799,753,46.7,55.3
JOB2066,2025-03-30,Line_4,B,994,762,730,32.6,55.1
JOB2067,2025-03-30,Line_4,C,964,944,917,26.8,2.8
JOB2068,2025-03-31,Line_1,A,861,539,516,22.6,58.4
JOB2069,2025-03-31,Line_1,B,1121,883,848,34.2,44.0
JOB2070,2025-03-31,Line_1,C,914,677,656,20.4,35.0
JOB2071,2025-03-31,Line_2,A,1174,1177,1149,27.6,15.9
JOB2072,2025-03-31,Line_2,B,914,640,614,25.6,63.9
JOB2073,2025-03-31,Line_2,C,898,761,749,11.8,34.7
JOB2074,2025-03-31,Line_3,A,1023,905,861,43.9,47.8
JOB2075,2025-03-31,Line_3,B,1173,974,967,6.4,35.2
JOB2076,2025-03-31,Line_3,C,879,756,739,17.4,29.5
JOB2077,2025-03-31,Line_4,A,847,765,739,26.8,21.9
JOB2078,2025-03-31,Line_4,B,873,693,686,7.3,36.0
JOB2079,2025-03-31,Line_4,C,1146,1063,1022,41.3,12.9
JOB2080,2025-04-01,Line_1,A,1027,964,940,23.7,11.9
JOB2081,2025-04-01,Line_1,B,1098,1019,986,33.0,15.7
JOB2082,2025-04-01,Line_1,C,1003,855,827,27.7,51.3
JOB2083,2025-04-01,Line_2,A,923,753,718,35.2,34.6
JOB2084,2025-04-01,Line_2,B,978,984,958,26.3,13.3
JOB2085,2025-04-01,Line_2,C,1097,855,826,29.2,47.2
JOB2086,2025-04-01,Line_3,A,1096,855,832,22.9,50.5
JOB2087,2025-04-01,Line_3,B,908,741,721,19.8,35.5
JOB2088,2025-04-01,Line_3,C,933,797,781,16.3,22.9
JOB2089,2025-04-01,Line_4,A,840,548,536,11.7,65.4
JOB2090,2025-04-01,Line_4,B,1160,1079,1054,24.4,50.9
JOB2091,2025-04-01,Line_4,C,1142,1094,1068,26.0,1.7
JOB2092,2025-04-02,Line_1,A,1068,839,816,22.6,47.0
JOB2093,2025-04-02,Line_1,B,864,723,695,28.0,31.0
JOB2094,2025-04-02,Line_1,C,865,718,689,28.6,64.9
JOB2095,2025-04-02,Line_2,A,1181,1010,1009,1.1,53.3
JOB2096,2025-04-02,Line_2,B,1070,848,844,4.5,30.6
JOB2097,2025-04-02,Line_2,C,822,627,603,24.0,53.5
JOB2098,2025-04-02,Line_3,A,909,791,774,17.3,22.5
JOB2099,2025-04-02,Line_3,B,1124,1023,983,40.3,20.7
JOB2100,2025-04-02,Line_3,C,943,932,908,24.2,20.8
JOB2101,2025-04-02,Line_4,A,992,838,815,23.1,31.9
JOB2102,2025-04-02,Line_4,B,976,884,871,13.5,27.8
JOB2103,2025-04-02,Line_4,C,1122,917,881,36.1,28.3
JOB2104,2025-04-03,Line_1,A,1103,849,839,10.7,57.3
JOB2105,2025-04-03,Line_1,B,1085,955,947,8.3,43.4
JOB2106,2025-04-03,Line_1,C,847,765,728,36.2,27.1
JOB2107,2025-04-03,Line_2,A,866,688,668,20.0,49.3
JOB2108,2025-04-03,Line_2,B,1065,1131,1108,22.6,5.4
JOB2109,2025-04-03,Line_2,C,1033,861,825,36.1,18.2
JOB2110,2025-04-03,Line_3,A,1009,978,952,25.5,26.6
JOB2111,2025-04-03,Line_3,B,1055,865,836,28.4,47.5
JOB2112,2025-04-03,Line_3,C,1073,965,926,39.1,24.3
JOB2113,2025-04-03,Line_4,A,1023,918,882,36.1,27.6
JOB2114,2025-04-03,Line_4,B,1174,1185,1165,20.2,21.0
JOB2115,2025-04-03,Line_4,C,858,699,673,25.4,23.1
JOB2116,2025-04-04,Line_1,A,1127,1015,998,16.6,29.5
JOB2117,2025-04-04,Line_1,B,1057,808,792,15.8,42.5
JOB2118,2025-04-04,Line_1,C,976,862,855,7.2,17.3
JOB2119,2025-04-04,Line_2,A,1068,959,941,17.5,47.9
JOB2120,2025-04-04,Line_2,B,1079,767,743,24.4,51.0
JOB2121,2025-04-04,Line_2,C,1085,780,769,10.2,67.9
JOB2122,2025-04-04,Line_3,A,1095,918,911,6.9,35.3
JOB2123,2025-04-04,Line_3,B,819,706,692,13.8,25.6
JOB2124,2025-04-04,Line_3,C,1135,977,959,18.0,40.5
JOB2125,2025-04-04,Line_4,A,1113,915,887,27.7,38.8
JOB2126,2025-04-04,Line_4,B,1002,854,816,37.2,38.7
JOB2127,2025-04-04,Line_4,C,1185,1039,1025,14.0,22.1
JOB2128,2025-04-05,Line_1,A,941,838,827,10.7,9.0
JOB2129,2025-04-05,Line_1,B,1099,998,975,23.8,23.2
JOB2130,2025-04-05,Line_1,C,1001,918,881,36.4,15.1
JOB2131,2025-04-05,Line_2,A,1049,954,922,32.3,6.6
JOB2132,2025-04-05,Line_2,B,952,670,640,29.8,48.8
JOB2133,2025-04-05,Line_2,C,909,747,721,26.0,18.5
JOB2134,2025-04-05,Line_3,A,1137,967,951,15.4,38.9
JOB2135,2025-04-05,Line_3,B,1172,918,876,41.7,31.7
JOB2136,2025-04-05,Line_3,C,1031,1097,1047,49.3,0.0
JOB2137,2025-04-05,Line_4,A,1132,968,944,23.4,41.6
JOB2138,2025-04-05,Line_4,B,940,662,635,27.1,66.8
JOB2139,2025-04-05,Line_4,C,1118,1106,1073,32.2,7.7
JOB2140,2025-04-06,Line_1,A,1088,840,797,42.8,82.3
JOB2141,2025-04-06,Line_1,B,829,703,670,33.1,28.2
JOB2142,2025-04-06,Line_1,C,822,714,676,38.1,32.6
JOB2143,2025-04-06,Line_2,A,1132,949,921,28.1,44.8
JOB2144,2025-04-06,Line_2,B,1015,789,759,30.0,33.2
JOB2145,2025-04-06,Line_2,C,827,757,725,32.1,8.8
JOB2146,2025-04-06,Line_3,A,920,777,732,44.5,21.8
JOB2147,2025-04-06,Line_3,B,868,745,725,19.3,36.4
JOB2148,2025-04-06,Line_3,C,874,709,681,28.3,37.3
JOB2149,2025-04-06,Line_4,A,1062,858,826,31.3,48.8
JOB2150,2025-04-06,Line_4,B,1028,828,793,35.0,43.1
JOB2151,2025-04-06,Line_4,C,821,525,494,30.9,54.0
JOB2152,2025-04-07,Line_1,A,957,800,793,6.9,31.2
JOB2153,2025-04-07,Line_1,B,1095,1018,987,30.3,11.3
JOB2154,2025-04-07,Line_1,C,1192,1110,1089,21.0,34.8
JOB2155,2025-04-07,Line_2,A,831,553,528,24.3,47.0
JOB2156,2025-04-07,Line_2,B,1138,987,954,32.7,25.0
JOB2157,2025-04-07,Line_2,C,859,766,735,31.1,37.9
JOB2158,2025-04-07,Line_3,A,995,776,752,23.8,42.1
JOB2159,2025-04-07,Line_3,B,942,738,702,36.7,39.7
JOB2160,2025-04-07,Line_3,C,1163,929,894,35.1,42.4
JOB2161,2025-04-07,Line_4,A,1001,597,583,14.6,90.2
JOB2162,2025-04-07,Line_4,B,952,807,775,31.7,31.1
JOB2163,2025-04-07,Line_4,C,1108,942,901,41.1,39.5
JOB2164,2025-04-08,Line_1,A,1004,888,871,16.9,26.0
JOB2165,2025-04-08,Line_1,B,910,545,508,36.2,67.3
JOB2166,2025-04-08,Line_1,C,1179,1218,1204,14.0,0.0
JOB2167,2025-04-08,Line_2,A,866,779,768,10.1,41.2
JOB2168,2025-04-08,Line_2,B,910,750,722,28.0,49.7
JOB2169,2025-04-08,Line_2,C,812,518,484,33.8,50.0
JOB2170,2025-04-08,Line_3,A,1118,658,639,19.8,88.8
JOB2171,2025-04-08,Line_3,B,871,774,742,31.6,18.3
JOB2172,2025-04-08,Line_3,C,845,674,660,14.1,36.3
JOB2173,2025-04-08,Line_4,A,815,646,629,16.7,29.1
JOB2174,2025-04-08,Line_4,B,984,880,846,33.3,32.4
JOB2175,2025-04-08,Line_4,C,960,768,749,19.7,44.6
JOB2176,2025-04-09,Line_1,A,995,836,800,35.8,46.4
JOB2177,2025-04-09,Line_1,B,1186,1058,1031,27.5,15.2
JOB2178,2025-04-09,Line_1,C,1174,800,764,35.9,73.5
JOB2179,2025-04-09,Line_2,A,800,741,734,6.5,32.4
JOB2180,2025-04-09,Line_2,B,1143,1059,1037,21.7,16.9
JOB2181,2025-04-09,Line_2,C,1069,976,949,27.1,36.4
JOB2182,2025-04-09,Line_3,A,1149,985,958,27.7,28.0
JOB2183,2025-04-09,Line_3,B,855,797,778,19.0,16.5
JOB2184,2025-04-09,Line_3,C,887,881,863,18.1,0.3
JOB2185,2025-04-09,Line_4,A,825,646,636,9.6,34.0
JOB2186,2025-04-09,Line_4,B,912,663,632,30.7,42.6
JOB2187,2025-04-09,Line_4,C,1172,1053,1040,12.9,26.0
JOB2188,2025-04-10,Line_1,A,1197,1046,1031,14.9,33.3
JOB2189,2025-04-10,Line_1,B,813,426,384,41.6,65.6
JOB2190,2025-04-10,Line_1,C,983,853,811,42.1,32.1
JOB2191,2025-04-10,Line_2,A,1096,843,833,10.5,55.2
JOB2192,2025-04-10,Line_2,B,917,894,877,16.9,14.2
JOB2193,2025-04-10,Line_2,C,1004,873,838,34.7,28.4
JOB2194,2025-04-10,Line_3,A,963,633,599,34.0,60.2
JOB2195,2025-04-10,Line_3,B,1023,975,956,18.8,21.2
JOB2196,2025-04-10,Line_3,C,1032,783,777,6.2,43.1
JOB2197,2025-04-10,Line_4,A,1112,928,917,10.9,46.5
JOB2198,2025-04-10,Line_4,B,867,729,701,28.6,34.1
JOB2199,2025-04-10,Line_4,C,994,951,930,21.3,15.6
JOB2200,2025-04-11,Line_1,A,823,882,879,3.7,0.0
JOB2201,2025-04-11,Line_1,B,807,625,619,6.2,53.5
JOB2202,2025-04-11,Line_1,C,868,740,713,27.5,31.5
JOB2203,2025-04-11,Line_2,A,1060,858,840,18.6,43.8
JOB2204,2025-04-11,Line_2,B,815,537,508,29.0,50.1
JOB2205,2025-04-11,Line_2,C,942,836,800,36.6,36.7
JOB2206,2025-04-11,Line_3,A,861,574,557,16.2,52.9
JOB2207,2025-04-11,Line_3,B,970,799,761,37.7,26.6
JOB2208,2025-04-11,Line_3,C,1176,1077,1063,14.2,45.1
JOB2209,2025-04-11,Line_4,A,961,810,777,33.1,26.4
JOB2210,2025-04-11,Line_4,B,928,661,624,37.7,26.1
JOB2211,2025-04-11,Line_4,C,864,856,838,18.4,11.0
JOB2212,2025-04-12,Line_1,A,1039,1001,973,28.5,19.7
JOB2213,2025-04-12,Line_1,B,960,821,821,0.0,28.9
JOB2214,2025-04-12,Line_1,C,1065,798,780,18.0,40.3
JOB2215,2025-04-12,Line_2,A,832,543,522,21.1,34.7
JOB2216,2025-04-12,Line_2,B,1199,1021,1004,17.0,30.9
JOB2217,2025-04-12,Line_2,C,941,567,540,27.6,63.0
JOB2218,2025-04-12,Line_3,A,1097,657,619,38.5,75.0
JOB2219,2025-04-12,Line_3,B,918,936,899,36.8,24.2
JOB2220,2025-04-12,Line_3,C,1091,1043,1031,12.6,32.3
JOB2221,2025-04-12,Line_4,A,1103,1015,979,35.2,28.0
JOB2222,2025-04-12,Line_4,B,1122,832,805,27.1,47.5
JOB2223,2025-04-12,Line_4,C,1189,943,926,16.8,42.5
JOB2224,2025-04-13,Line_1,A,895,838,813,25.0,33.9
JOB2225,2025-04-13,Line_1,B,1030,972,956,16.0,16.4
JOB2226,2025-04-13,Line_1,C,927,948,922,25.8,0.0
JOB2227,2025-04-13,Line_2,A,1138,1036,1016,19.9,23.8
JOB2228,2025-04-13,Line_2,B,911,655,627,28.4,56.2
JOB2229,2025-04-13,Line_2,C,875,781,753,27.6,37.9
JOB2230,2025-04-13,Line_3,A,1104,930,912,18.1,36.1
JOB2231,2025-04-13,Line_3,B,1083,883,848,34.4,33.5
JOB2232,2025-04-13,Line_3,C,1037,701,681,20.8,80.4
JOB2233,2025-04-13,Line_4,A,1129,1253,1230,22.3,0.0
JOB2234,2025-04-13,Line_4,B,1073,1004,983,20.3,44.2
JOB2235,2025-04-13,Line_4,C,1102,807,779,27.8,55.4
JOB2236,2025-04-14,Line_1,A,1107,962,946,16.1,14.5
JOB2237,2025-04-14,Line_1,B,918,776,745,30.9,34.6
JOB2238,2025-04-14,Line_1,C,919,691,676,15.5,49.9
JOB2239,2025-04-14,Line_2,A,861,595,557,37.7,59.6
JOB2240,2025-04-14,Line_2,B,1108,907,880,26.5,52.0
JOB2241,2025-04-14,Line_2,C,1168,1019,980,38.4,22.0
JOB2242,2025-04-14,Line_3,A,1128,883,855,27.8,59.0
JOB2243,2025-04-14,Line_3,B,1091,806,780,26.5,69.8
JOB2244,2025-04-14,Line_3,C,944,721,681,40.6,40.2
JOB2245,2025-04-14,Line_4,A,1163,626,603,22.9,88.0
JOB2246,2025-04-14,Line_4,B,1091,798,763,35.0,49.7
JOB2247,2025-04-14,Line_4,C,1011,966,929,36.8,15.5
JOB2248,2025-04-15,Line_1,A,816,724,705,19.0,36.1
JOB2249,2025-04-15,Line_1,B,845,729,695,34.0,46.3
JOB2250,2025-04-15,Line_1,C,836,391,366,24.6,70.3
JOB2251,2025-04-15,Line_2,A,1179,1077,1046,31.1,18.0
JOB2252,2025-04-15,Line_2,B,888,900,874,25.2,0.0
JOB2253,2025-04-15,Line_2,C,1197,989,961,28.3,33.6
JOB2254,2025-04-15,Line_3,A,1144,1016,989,27.3,43.6
JOB2255,2025-04-15,Line_3,B,940,917,889,28.2,33.6
JOB2256,2025-04-15,Line_3,C,972,846,830,16.0,44.9
JOB2257,2025-04-15,Line_4,A,869,461,417,44.0,51.6
JOB2258,2025-04-15,Line_4,B,1001,919,888,31.2,0.7
JOB2259,2025-04-15,Line_4,C,947,741,731,10.0,49.8
JOB2260,2025-04-16,Line_1,A,1083,877,847,29.9,51.4
JOB2261,2025-04-16,Line_1,B,1080,980,962,17.7,43.5
JOB2262,2025-04-16,Line_1,C,1137,921,880,40.7,29.8
JOB2263,2025-04-16,Line_2,A,915,632,607,25.5,47.7
JOB2264,2025-04-16,Line_2,B,858,751,722,28.8,32.2
JOB2265,2025-04-16,Line_2,C,1094,841,815,26.7,73.5
JOB2266,2025-04-16,Line_3,A,882,811,762,48.5,14.2
JOB2267,2025-04-16,Line_3,B,1047,990,945,44.7,19.4
JOB2268,2025-04-16,Line_3,C,810,651,628,22.2,66.7
JOB2269,2025-04-16,Line_4,A,1170,1033,1008,24.2,35.5
JOB2270,2025-04-16,Line_4,B,1058,820,791,29.3,33.3
JOB2271,2025-04-16,Line_4,C,915,704,666,37.9,58.8
JOB2272,2025-04-17,Line_1,A,1008,909,889,20.1,24.4
JOB2273,2025-04-17,Line_1,B,1193,1065,1047,17.5,15.1
JOB2274,2025-04-17,Line_1,C,894,799,755,43.3,32.3
JOB2275,2025-04-17,Line_2,A,958,712,685,26.7,41.4
JOB2276,2025-04-17,Line_2,B,1015,822,795,27.5,32.1
JOB2277,2025-04-17,Line_2,C,987,833,814,18.9,36.6
JOB2278,2025-04-17,Line_3,A,1103,916,879,37.4,46.1
JOB2279,2025-04-17,Line_3,B,853,642,619,22.3,49.3
JOB2280,2025-04-17,Line_3,C,823,730,698,31.6,21.6
JOB2281,2025-04-17,Line_4,A,1039,829,789,39.9,36.7
JOB2282,2025-04-17,Line_4,B,936,798,787,11.0,20.7
JOB2283,2025-04-17,Line_4,C,895,822,794,28.0,31.5
JOB2284,2025-04-18,Line_1,A,811,711,671,40.3,27.5
JOB2285,2025-04-18,Line_1,B,1013,796,773,22.8,48.8
JOB2286,2025-04-18,Line_1,C,1039,966,950,15.6,41.3
JOB2287,2025-04-18,Line_2,A,838,790,767,23.2,16.0
JOB2288,2025-04-18,Line_2,B,967,750,728,22.6,47.1
JOB2289,2025-04-18,Line_2,C,978,969,939,29.7,0.0
JOB2290,2025-04-18,Line_3,A,1174,875,865,10.0,80.4
JOB2291,2025-04-18,Line_3,B,1010,946,923,23.2,25.2
JOB2292,2025-04-18,Line_3,C,1163,1152,1140,12.1,7.5
JOB2293,2025-04-18,Line_4,A,939,867,832,34.5,14.0
JOB2294,2025-04-18,Line_4,B,1081,687,667,20.1,58.0
JOB2295,2025-04-18,Line_4,C,915,642,627,14.9,57.3
JOB2296,2025-04-19,Line_1,A,987,897,879,18.5,14.8
JOB2297,2025-04-19,Line_1,B,848,692,675,17.0,24.3
JOB2298,2025-04-19,Line_1,C,918,786,764,21.8,48.7
JOB2299,2025-04-19,Line_2,A,1190,1071,1031,39.7,55.9
JOB2300,2025-04-19,Line_2,B,978,827,807,21.0,27.2
JOB2301,2025-04-19,Line_2,C,895,647,623,24.8,50.4
JOB2302,2025-04-19,Line_3,A,864,719,683,35.3,33.6
JOB2303,2025-04-19,Line_3,B,1076,815,796,18.6,50.7
JOB2304,2025-04-19,Line_3,C,1169,1041,1014,27.2,30.6
JOB2305,2025-04-19,Line_4,A,893,804,782,21.8,42.8
JOB2306,2025-04-19,Line_4,B,1057,674,630,44.1,61.4
JOB2307,2025-04-19,Line_4,C,1189,1049,1031,18.7,37.0
JOB2308,2025-04-20,Line_1,A,1197,1104,1077,27.7,20.7
JOB2309,2025-04-20,Line_1,B,1048,935,925,9.8,20.2
JOB2310,2025-04-20,Line_1,C,1077,814,801,13.0,50.5
JOB2311,2025-04-20,Line_2,A,1056,897,873,24.0,53.0
JOB2312,2025-04-20,Line_2,B,1111,969,952,16.5,57.5
JOB2313,2025-04-20,Line_2,C,1039,994,974,20.0,20.1
JOB2314,2025-04-20,Line_3,A,1007,890,876,13.1,33.6
JOB2315,2025-04-20,Line_3,B,1158,1034,1005,28.8,38.9
JOB2316,2025-04-20,Line_3,C,837,673,637,36.0,47.9
JOB2317,2025-04-20,Line_4,A,999,904,879,24.3,26.4
JOB2318,2025-04-20,Line_4,B,1154,994,980,14.2,34.0
JOB2319,2025-04-20,Line_4,C,847,712,686,26.3,22.9
JOB2320,2025-04-21,Line_1,A,1084,746,719,26.2,68.4
JOB2321,2025-04-21,Line_1,B,954,519,495,23.6,54.5
JOB2322,2025-04-21,Line_1,C,943,827,814,12.8,60.6
JOB2323,2025-04-21,Line_2,A,829,638,625,13.8,39.6
JOB2324,2025-04-21,Line_2,B,1091,1066,1034,31.5,27.0
JOB2325,2025-04-21,Line_2,C,1039,845,817,27.4,31.7
JOB2326,2025-04-21,Line_3,A,1031,897,856,41.0,30.2
JOB2327,2025-04-21,Line_3,B,1068,973,963,10.5,28.1
JOB2328,2025-04-21,Line_3,C,1129,1059,1034,24.8,10.5
JOB2329,2025-04-21,Line_4,A,863,603,590,12.8,44.7
JOB2330,2025-04-21,Line_4,B,946,880,856,24.0,20.7
JOB2331,2025-04-21,Line_4,C,1016,980,940,40.1,23.3
JOB2332,2025-04-22,Line_1,A,871,926,899,26.6,9.2
JOB2333,2025-04-22,Line_1,B,1003,845,812,32.2,32.3
JOB2334,2025-04-22,Line_1,C,1063,823,796,26.9,55.0
JOB2335,2025-04-22,Line_2,A,1130,967,935,32.1,40.0
JOB2336,2025-04-22,Line_2,B,942,762,752,10.4,37.8
JOB2337,2025-04-22,Line_2,C,840,560,545,15.5,47.3
JOB2338,2025-04-22,Line_3,A,1118,1049,1023,25.9,17.7
JOB2339,2025-04-22,Line_3,B,1168,986,960,25.2,38.8
JOB2340,2025-04-22,Line_3,C,1025,767,758,8.9,31.8
JOB2341,2025-04-22,Line_4,A,1000,824,802,21.6,53.9
JOB2342,2025-04-22,Line_4,B,1070,844,819,24.7,38.2
JOB2343,2025-04-22,Line_4,C,850,655,634,21.4,37.2
JOB2344,2025-04-23,Line_1,A,1043,886,851,35.2,54.4
JOB2345,2025-04-23,Line_1,B,964,1028,1010,17.8,0.0
JOB2346,2025-04-23,Line_1,C,812,604,569,35.2,51.7
JOB2347,2025-04-23,Line_2,A,1021,907,876,30.6,36.1
JOB2348,2025-04-23,Line_2,B,1057,746,715,31.6,56.1
JOB2349,2025-04-23,Line_2,C,833,664,636,28.6,51.8
JOB2350,2025-04-23,Line_3,A,1008,837,824,13.0,30.5
JOB2351,2025-04-23,Line_3,B,924,748,738,10.7,55.1
JOB2352,2025-04-23,Line_3,C,1113,947,915,32.2,28.2
JOB2353,2025-04-23,Line_4,A,1168,931,895,36.3,39.0
JOB2354,2025-04-23,Line_4,B,920,602,575,27.4,44.6
JOB2355,2025-04-23,Line_4,C,854,708,675,32.4,37.9
JOB2356,2025-04-24,Line_1,A,927,695,667,28.1,51.3
JOB2357,2025-04-24,Line_1,B,851,849,826,22.7,0.0
JOB2358,2025-04-24,Line_1,C,962,777,751,26.2,35.3
JOB2359,2025-04-24,Line_2,A,1157,1090,1069,20.7,23.5
JOB2360,2025-04-24,Line_2,B,845,687,674,13.1,32.4
JOB2361,2025-04-24,Line_2,C,883,662,655,7.3,27.9
JOB2362,2025-04-24,Line_3,A,894,684,652,31.4,33.8
JOB2363,2025-04-24,Line_3,B,979,698,676,22.4,78.7
JOB2364,2025-04-24,Line_3,C,805,659,637,21.8,20.0
JOB2365,2025-04-24,Line_4,A,1043,983,950,33.3,13.3
JOB2366,2025-04-24,Line_4,B,973,907,889,17.8,29.2
JOB2367,2025-04-24,Line_4,C,837,717,703,14.9,23.7
JOB2368,2025-04-25,Line_1,A,1009,776,745,30.5,56.6
JOB2369,2025-04-25,Line_1,B,1004,892,856,35.5,43.3
JOB2370,2025-04-25,Line_1,C,885,766,730,35.8,22.4
JOB2371,2025-04-25,Line_2,A,955,763,736,27.4,35.0
JOB2372,2025-04-25,Line_2,B,874,789,772,16.8,30.9
JOB2373,2025-04-25,Line_2,C,859,513,475,38.1,49.6
JOB2374,2025-04-25,Line_3,A,1030,874,858,16.0,34.4
JOB2375,2025-04-25,Line_3,B,1031,843,813,30.0,49.2
JOB2376,2025-04-25,Line_3,C,1110,952,949,3.3,30.6
JOB2377,2025-04-25,Line_4,A,1194,975,946,29.6,48.1
JOB2378,2025-04-25,Line_4,B,1171,1006,983,23.5,28.6
JOB2379,2025-04-25,Line_4,C,1112,941,917,23.7,19.0
JOB2380,2025-04-26,Line_1,A,1099,987,952,35.8,32.1
JOB2381,2025-04-26,Line_1,B,997,771,743,28.3,34.5
JOB2382,2025-04-26,Line_1,C,884,782,757,25.3,14.1
JOB2383,2025-04-26,Line_2,A,813,597,562,35.4,45.0
JOB2384,2025-04-26,Line_2,B,1136,962,961,1.2,29.6
JOB2385,2025-04-26,Line_2,C,1052,961,920,40.8,23.8
JOB2386,2025-04-26,Line_3,A,1181,926,898,27.7,56.5
JOB2387,2025-04-26,Line_3,B,1018,1071,1060,11.0,0.0
JOB2388,2025-04-26,Line_3,C,1053,999,986,13.1,9.9
JOB2389,2025-04-26,Line_4,A,1077,838,825,13.1,32.0
JOB2390,2025-04-26,Line_4,B,1101,983,947,35.8,26.5
JOB2391,2025-04-26,Line_4,C,922,876,865,11.5,17.9
JOB2392,2025-04-27,Line_1,A,898,797,779,18.6,30.2
JOB2393,2025-04-27,Line_1,B,1114,978,959,19.5,22.3
JOB2394,2025-04-27,Line_1,C,1079,829,804,25.9,41.5
JOB2395,2025-04-27,Line_2,A,844,776,739,37.0,24.5
JOB2396,2025-04-27,Line_2,B,884,773,722,51.8,29.4
JOB2397,2025-04-27,Line_2,C,880,725,718,7.0,24.1
JOB2398,2025-04-27,Line_3,A,829,750,712,38.0,18.4
JOB2399,2025-04-27,Line_3,B,1109,851,817,34.4,36.1
JOB2400,2025-04-27,Line_3,C,1033,777,758,19.2,59.4
JOB2401,2025-04-27,Line_4,A,854,705,652,53.1,25.9
JOB2402,2025-04-27,Line_4,B,935,699,680,19.0,85.4
JOB2403,2025-04-27,Line_4,C,1037,918,888,29.5,42.8
JOB2404,2025-04-28,Line_1,A,822,851,819,31.8,7.2
JOB2405,2025-04-28,Line_1,B,1043,869,851,17.4,32.0
JOB2406,2025-04-28,Line_1,C,906,745,730,15.3,58.7
JOB2407,2025-04-28,Line_2,A,962,720,684,36.2,55.7
JOB2408,2025-04-28,Line_2,B,1013,906,864,42.0,16.7
JOB2409,2025-04-28,Line_2,C,818,798,749,49.4,0.0
JOB2410,2025-04-28,Line_3,A,847,718,694,24.2,45.0
JOB2411,2025-04-28,Line_3,B,914,639,620,19.2,49.0
JOB2412,2025-04-28,Line_3,C,862,703,679,23.9,47.3
JOB2413,2025-04-28,Line_4,A,1067,762,735,26.1,60.3
JOB2414,2025-04-28,Line_4,B,826,789,771,18.4,7.3
JOB2415,2025-04-28,Line_4,C,1105,898,872,26.0,46.0
JOB2416,2025-04-29,Line_1,A,900,812,794,17.7,31.9
JOB2417,2025-04-29,Line_1,B,840,513,486,26.7,69.8
JOB2418,2025-04-29,Line_1,C,818,584,544,40.6,58.6
JOB2419,2025-04-29,Line_2,A,979,826,813,12.7,13.1
JOB2420,2025-04-29,Line_2,B,953,902,864,37.9,0.0
JOB2421,2025-04-29,Line_2,C,1115,1061,1034,27.2,6.8
JOB2422,2025-04-29,Line_3,A,1113,1030,1004,25.9,18.7
JOB2423,2025-04-29,Line_3,B,1136,1018,1002,15.8,51.5
JOB2424,2025-04-29,Line_3,C,1039,821,798,22.6,38.7
JOB2425,2025-04-29,Line_4,A,1104,932,875,57.4,48.8
JOB2426,2025-04-29,Line_4,B,1104,903,878,25.3,37.4
JOB2427,2025-04-29,Line_4,C,1191,1124,1095,29.9,16.1
JOB2428,2025-04-30,Line_1,A,868,736,716,19.7,31.7
JOB2429,2025-04-30,Line_1,B,1008,841,815,25.7,42.1
JOB2430,2025-04-30,Line_1,C,813,813,779,34.2,17.8
JOB2431,2025-04-30,Line_2,A,817,744,714,29.9,30.1
JOB2432,2025-04-30,Line_2,B,1140,868,820,48.3,57.1
JOB2433,2025-04-30,Line_2,C,857,701,675,26.8,42.3
JOB2434,2025-04-30,Line_3,A,1139,920,886,34.2,62.4
JOB2435,2025-04-30,Line_3,B,1126,1104,1055,48.8,11.7
JOB2436,2025-04-30,Line_3,C,821,482,441,40.9,56.6
JOB2437,2025-04-30,Line_4,A,876,634,621,13.0,60.6
JOB2438,2025-04-30,Line_4,B,1144,892,871,20.4,31.1
JOB2439,2025-04-30,Line_4,C,895,649,631,18.0,36.3
JOB2440,2025-05-01,Line_1,A,935,819,789,30.1,25.6
JOB2441,2025-05-01,Line_1,B,1091,687,666,20.9,57.3
JOB2442,2025-05-01,Line_1,C,1177,955,933,21.5,45.2
JOB2443,2025-05-01,Line_2,A,1170,1187,1150,37.0,0.0
JOB2444,2025-05-01,Line_2,B,982,754,741,12.6,38.9
JOB2445,2025-05-01,Line_2,C,1005,984,959,24.7,33.1
JOB2446,2025-05-01,Line_3,A,873,710,677,32.8,44.5
JOB2447,2025-05-01,Line_3,B,802,711,685,26.7,19.8
JOB2448,2025-05-01,Line_3,C,1018,937,903,33.2,34.6
JOB2449,2025-05-01,Line_4,A,923,740,707,32.9,27.6
JOB2450,2025-05-01,Line_4,B,1157,873,849,24.5,45.5
JOB2451,2025-05-01,Line_4,C,1076,1026,991,34.7,21.1
JOB2452,2025-05-02,Line_1,A,1089,884,854,29.7,37.9
JOB2453,2025-05-02,Line_1,B,847,512,473,39.1,57.9
JOB2454,2025-05-02,Line_1,C,918,890,869,20.9,18.6
JOB2455,2025-05-02,Line_2,A,1063,917,880,37.5,34.5
JOB2456,2025-05-02,Line_2,B,839,876,852,24.4,0.0
JOB2457,2025-05-02,Line_2,C,1073,839,810,28.6,56.6
JOB2458,2025-05-02,Line_3,A,868,831,804,26.4,8.2
JOB2459,2025-05-02,Line_3,B,981,945,933,11.7,20.4
JOB2460,2025-05-02,Line_3,C,829,744,717,26.6,19.5
JOB2461,2025-05-02,Line_4,A,919,707,683,24.5,40.5
JOB2462,2025-05-02,Line_4,B,984,704,672,31.4,64.4
JOB2463,2025-05-02,Line_4,C,1139,1020,992,28.7,43.1
JOB2464,2025-05-03,Line_1,A,1148,968,944,24.1,58.7
JOB2465,2025-05-03,Line_1,B,1176,878,845,32.6,44.9
JOB2466,2025-05-03,Line_1,C,865,729,713,16.5,27.4
JOB2467,2025-05-03,Line_2,A,1011,646,614,32.1,74.8
JOB2468,2025-05-03,Line_2,B,1162,814,795,18.4,49.6
JOB2469,2025-05-03,Line_2,C,1150,1055,1045,9.8,26.4
JOB2470,2025-05-03,Line_3,A,928,681,668,13.4,43.4
JOB2471,2025-05-03,Line_3,B,879,834,822,11.8,13.0
JOB2472,2025-05-03,Line_3,C,1028,868,837,31.4,36.5
JOB2473,2025-05-03,Line_4,A,1093,895,866,28.9,50.7
JOB2474,2025-05-03,Line_4,B,1044,1060,1043,16.3,3.2
JOB2475,2025-05-03,Line_4,C,1082,741,705,35.4,60.2
JOB2476,2025-05-04,Line_1,A,1126,1194,1184,10.1,0.0
JOB2477,2025-05-04,Line_1,B,1057,1081,1064,17.3,5.6
JOB2478,2025-05-04,Line_1,C,1057,843,827,15.3,45.9
JOB2479,2025-05-04,Line_2,A,914,855,838,16.4,23.9
JOB2480,2025-05-04,Line_2,B,1126,1013,993,19.8,23.0
JOB2481,2025-05-04,Line_2,C,885,628,589,38.5,27.0
JOB2482,2025-05-04,Line_3,A,857,714,691,23.4,29.7
JOB2483,2025-05-04,Line_3,B,854,723,697,25.7,53.9
JOB2484,2025-05-04,Line_3,C,813,696,662,33.3,20.9
JOB2485,2025-05-04,Line_4,A,839,692,659,33.0,38.8
JOB2486,2025-05-04,Line_4,B,812,608,602,5.7,26.8
JOB2487,2025-05-04,Line_4,C,1065,886,871,14.5,41.6
JOB2488,2025-05-05,Line_1,A,895,631,584,46.8,28.5
JOB2489,2025-05-05,Line_1,B,1116,1013,1006,7.1,34.8
JOB2490,2025-05-05,Line_1,C,1199,942,930,11.9,55.9
JOB2491,2025-05-05,Line_2,A,826,729,688,40.8,22.2
JOB2492,2025-05-05,Line_2,B,829,770,758,11.8,23.6
JOB2493,2025-05-05,Line_2,C,1021,780,749,31.1,46.0
JOB2494,2025-05-05,Line_3,A,1107,753,724,28.9,72.0
JOB2495,2025-05-05,Line_3,B,977,799,779,20.0,56.8
JOB2496,2025-05-05,Line_3,C,844,548,523,25.3,46.3
JOB2497,2025-05-05,Line_4,A,861,521,493,27.6,62.6
JOB2498,2025-05-05,Line_4,B,892,766,739,27.3,28.6
JOB2499,2025-05-05,Line_4,C,1159,854,829,24.6,59.7
JOB2500,2025-05-06,Line_1,A,898,843,835,7.9,16.9
JOB2501,2025-05-06,Line_1,B,1026,757,735,21.5,57.1
JOB2502,2025-05-06,Line_1,C,1092,976,950,26.0,3.1
JOB2503,2025-05-06,Line_2,A,810,561,532,28.5,37.1
JOB2504,2025-05-06,Line_2,B,1097,914,903,11.1,22.5
JOB2505,2025-05-06,Line_2,C,988,687,671,15.6,57.2
JOB2506,2025-05-06,Line_3,A,1016,1016,996,20.5,0.0
JOB2507,2025-05-06,Line_3,B,1064,699,680,19.3,76.6
JOB2508,2025-05-06,Line_3,C,1167,1005,970,35.2,34.3
JOB2509,2025-05-06,Line_4,A,850,530,495,35.0,49.8
JOB2510,2025-05-06,Line_4,B,1147,780,769,10.7,66.5
JOB2511,2025-05-06,Line_4,C,907,758,726,32.0,7.2
JOB2512,2025-05-07,Line_1,A,907,903,872,31.1,3.6
JOB2513,2025-05-07,Line_1,B,946,750,721,28.4,48.5
JOB2514,2025-05-07,Line_1,C,1096,1086,1066,20.0,0.0
JOB2515,2025-05-07,Line_2,A,823,418,406,12.9,69.0
JOB2516,2025-05-07,Line_2,B,1174,1005,979,25.3,47.9
JOB2517,2025-05-07,Line_2,C,872,734,717,17.6,75.3
JOB2518,2025-05-07,Line_3,A,1029,897,871,25.6,32.0
JOB2519,2025-05-07,Line_3,B,891,688,656,31.8,53.3
JOB2520,2025-05-07,Line_3,C,1102,881,865,15.6,52.0
JOB2521,2025-05-07,Line_4,A,1112,1113,1105,7.6,0.7
JOB2522,2025-05-07,Line_4,B,1009,887,867,20.1,40.8
JOB2523,2025-05-07,Line_4,C,983,743,718,24.6,43.6
JOB2524,2025-05-08,Line_1,A,1069,823,802,21.2,71.9
JOB2525,2025-05-08,Line_1,B,1136,946,912,34.3,42.4
JOB2526,2025-05-08,Line_1,C,1136,819,793,26.4,40.4
JOB2527,2025-05-08,Line_2,A,1081,857,846,10.5,35.3
JOB2528,2025-05-08,Line_2,B,1150,763,746,17.5,61.7
JOB2529,2025-05-08,Line_2,C,1111,1140,1112,27.5,11.9
JOB2530,2025-05-08,Line_3,A,813,605,572,32.2,39.3
JOB2531,2025-05-08,Line_3,B,899,667,640,26.6,40.2
JOB2532,2025-05-08,Line_3,C,1001,935,907,28.0,35.2
JOB2533,2025-05-08,Line_4,A,1100,982,962,20.8,25.8
JOB2534,2025-05-08,Line_4,B,1060,933,915,18.1,47.7
JOB2535,2025-05-08,Line_4,C,880,659,627,32.7,55.0
JOB2536,2025-05-09,Line_1,A,901,752,726,25.9,45.9
JOB2537,2025-05-09,Line_1,B,1020,960,945,14.5,27.8
JOB2538,2025-05-09,Line_1,C,1110,856,856,0.0,51.2
JOB2539,2025-05-09,Line_2,A,1014,871,847,24.0,30.3
JOB2540,2025-05-09,Line_2,B,1101,1023,1006,17.5,24.9
JOB2541,2025-05-09,Line_2,C,843,794,778,15.4,29.7
JOB2542,2025-05-09,Line_3,A,1088,901,876,24.8,46.0
JOB2543,2025-05-09,Line_3,B,1078,808,785,22.6,50.6
JOB2544,2025-05-09,Line_3,C,1072,916,897,18.7,61.4
JOB2545,2025-05-09,Line_4,A,891,679,650,29.1,41.3
JOB2546,2025-05-09,Line_4,B,1058,737,710,27.3,63.0
JOB2547,2025-05-09,Line_4,C,991,840,814,25.4,17.7
JOB2548,2025-05-10,Line_1,A,1189,1091,1062,29.3,27.3
JOB2549,2025-05-10,Line_1,B,921,771,758,12.4,23.2
JOB2550,2025-05-10,Line_1,C,810,705,683,21.9,27.3
JOB2551,2025-05-10,Line_2,A,988,629,606,22.9,60.2
JOB2552,2025-05-10,Line_2,B,844,696,677,19.4,29.7
JOB2553,2025-05-10,Line_2,C,923,526,507,19.2,61.1
JOB2554,2025-05-10,Line_3,A,933,808,793,15.5,47.2
JOB2555,2025-05-10,Line_3,B,1115,831,790,41.2,51.7
JOB2556,2025-05-10,Line_3,C,944,866,834,32.3,4.1
JOB2557,2025-05-10,Line_4,A,815,635,596,39.0,44.5
JOB2558,2025-05-10,Line_4,B,1012,813,785,28.1,32.5
JOB2559,2025-05-10,Line_4,C,805,839,822,17.2,7.7
JOB2560,2025-05-11,Line_1,A,892,687,666,21.2,56.3
JOB2561,2025-05-11,Line_1,B,1050,873,850,23.0,28.2
JOB2562,2025-05-11,Line_1,C,1088,807,799,7.8,53.6
JOB2563,2025-05-11,Line_2,A,859,742,709,32.9,18.2
JOB2564,2025-05-11,Line_2,B,1163,1171,1156,15.7,22.1
JOB2565,2025-05-11,Line_2,C,1089,955,937,17.9,47.8
JOB2566,2025-05-11,Line_3,A,940,894,870,24.0,0.0
JOB2567,2025-05-11,Line_3,B,1004,952,946,5.8,23.7
JOB2568,2025-05-11,Line_3,C,1058,1039,1009,29.8,0.0
JOB2569,2025-05-11,Line_4,A,885,626,600,26.1,47.1
JOB2570,2025-05-11,Line_4,B,1144,720,700,19.8,55.5
JOB2571,2025-05-11,Line_4,C,1138,1044,1010,34.6,20.0
JOB2572,2025-05-12,Line_1,A,1052,830,796,34.0,33.8
JOB2573,2025-05-12,Line_1,B,1168,1066,1050,15.4,24.0
JOB2574,2025-05-12,Line_1,C,1194,1033,1005,28.5,47.5
JOB2575,2025-05-12,Line_2,A,960,773,741,32.1,37.8
JOB2576,2025-05-12,Line_2,B,1102,993,960,32.6,24.6
JOB2577,2025-05-12,Line_2,C,1177,958,934,23.6,34.2
JOB2578,2025-05-12,Line_3,A,979,787,756,30.8,25.0
JOB2579,2025-05-12,Line_3,B,904,711,677,33.6,28.7
JOB2580,2025-05-12,Line_3,C,880,581,529,51.9,54.0
JOB2581,2025-05-12,Line_4,A,1127,1029,997,32.4,46.5
JOB2582,2025-05-12,Line_4,B,1021,891,854,37.2,40.9
JOB2583,2025-05-12,Line_4,C,1158,856,827,29.0,69.2
JOB2584,2025-05-13,Line_1,A,912,874,852,21.7,0.0
JOB2585,2025-05-13,Line_1,B,1006,945,903,42.0,23.0
JOB2586,2025-05-13,Line_1,C,1039,880,863,16.2,55.1
JOB2587,2025-05-13,Line_2,A,1029,872,855,17.1,41.8
JOB2588,2025-05-13,Line_2,B,1026,825,786,38.5,35.6
JOB2589,2025-05-13,Line_2,C,910,698,647,50.6,46.3
JOB2590,2025-05-13,Line_3,A,920,757,741,15.6,31.5
JOB2591,2025-05-13,Line_3,B,1015,838,806,31.7,28.3
JOB2592,2025-05-13,Line_3,C,1049,980,963,16.7,29.4
JOB2593,2025-05-13,Line_4,A,854,818,796,22.4,18.4
JOB2594,2025-05-13,Line_4,B,941,553,521,32.6,77.2
JOB2595,2025-05-13,Line_4,C,925,923,903,20.7,24.2
JOB2596,2025-05-14,Line_1,A,1011,807,779,28.8,43.6
JOB2597,2025-05-14,Line_1,B,892,762,733,29.1,19.9
JOB2598,2025-05-14,Line_1,C,962,718,681,37.5,52.7
JOB2599,2025-05-14,Line_2,A,1077,872,832,39.2,23.0
JOB2600,2025-05-14,Line_2,B,1136,1057,1024,33.2,9.1
JOB2601,2025-05-14,Line_2,C,812,726,705,21.5,32.1
JOB2602,2025-05-14,Line_3,A,1000,852,826,26.4,25.4
JOB2603,2025-05-14,Line_3,B,908,780,752,27.7,21.4
JOB2604,2025-05-14,Line_3,C,1074,821,794,27.5,59.7
JOB2605,2025-05-14,Line_4,A,1111,900,861,38.9,39.9
JOB2606,2025-05-14,Line_4,B,963,652,646,5.5,66.7
JOB2607,2025-05-14,Line_4,C,1127,1097,1074,22.7,8.4
JOB2608,2025-05-15,Line_1,A,957,781,761,20.0,43.9
JOB2609,2025-05-15,Line_1,B,1183,1141,1109,31.9,18.4
JOB2610,2025-05-15,Line_1,C,1140,902,883,18.8,49.5
JOB2611,2025-05-15,Line_2,A,1036,835,821,14.0,68.4
JOB2612,2025-05-15,Line_2,B,835,716,686,30.1,46.5
JOB2613,2025-05-15,Line_2,C,986,778,757,21.6,45.0
JOB2614,2025-05-15,Line_3,A,1195,919,890,29.3,61.1
JOB2615,2025-05-15,Line_3,B,888,946,926,19.7,7.9
JOB2616,2025-05-15,Line_3,C,1090,1045,1032,12.7,26.4
JOB2617,2025-05-15,Line_4,A,1155,1157,1125,31.9,24.6
JOB2618,2025-05-15,Line_4,B,920,815,798,17.1,18.3
JOB2619,2025-05-15,Line_4,C,954,855,822,32.4,30.9
JOB2620,2025-05-16,Line_1,A,1059,928,920,7.6,30.5
JOB2621,2025-05-16,Line_1,B,801,554,526,27.8,55.5
JOB2622,2025-05-16,Line_1,C,1098,856,823,33.0,30.5
JOB2623,2025-05-16,Line_2,A,990,822,805,16.9,44.7
JOB2624,2025-05-16,Line_2,B,1145,1093,1067,25.8,5.3
JOB2625,2025-05-16,Line_2,C,1119,944,922,21.7,47.6
JOB2626,2025-05-16,Line_3,A,1045,808,782,25.3,68.8
JOB2627,2025-05-16,Line_3,B,865,756,730,25.7,14.6
JOB2628,2025-05-16,Line_3,C,949,893,859,34.2,15.5
JOB2629,2025-05-16,Line_4,A,1179,1108,1062,46.0,35.4
JOB2630,2025-05-16,Line_4,B,851,685,659,25.6,37.5
JOB2631,2025-05-16,Line_4,C,1013,605,599,6.9,74.0
JOB2632,2025-05-17,Line_1,A,1084,941,905,35.8,19.5
JOB2633,2025-05-17,Line_1,B,1093,909,885,23.9,47.5
JOB2634,2025-05-17,Line_1,C,838,668,633,34.2,30.8
JOB2635,2025-05-17,Line_2,A,1064,877,845,31.1,45.7
JOB2636,2025-05-17,Line_2,B,907,906,883,23.3,22.6
JOB2637,2025-05-17,Line_2,C,1122,992,979,13.3,26.6
JOB2638,2025-05-17,Line_3,A,1004,670,643,27.0,72.0
JOB2639,2025-05-17,Line_3,B,964,627,615,12.6,48.8
JOB2640,2025-05-17,Line_3,C,887,702,696,5.8,68.5
JOB2641,2025-05-17,Line_4,A,910,820,782,38.3,30.3
JOB2642,2025-05-17,Line_4,B,981,917,886,31.3,49.2
JOB2643,2025-05-17,Line_4,C,1174,1044,1034,9.9,22.9
JOB2644,2025-05-18,Line_1,A,954,632,608,24.2,56.3
JOB2645,2025-05-18,Line_1,B,1029,929,894,35.0,37.0
JOB2646,2025-05-18,Line_1,C,1023,986,978,8.2,16.1
JOB2647,2025-05-18,Line_2,A,1128,870,840,29.4,58.7
JOB2648,2025-05-18,Line_2,B,980,651,630,21.2,58.8
JOB2649,2025-05-18,Line_2,C,897,637,608,29.4,60.8
JOB2650,2025-05-18,Line_3,A,980,820,794,25.8,47.0
JOB2651,2025-05-18,Line_3,B,967,782,764,18.6,28.3
JOB2652,2025-05-18,Line_3,C,849,765,750,15.2,15.4
JOB2653,2025-05-18,Line_4,A,922,705,685,19.5,40.7
JOB2654,2025-05-18,Line_4,B,940,852,810,41.6,1.2
JOB2655,2025-05-18,Line_4,C,851,537,507,30.1,69.4
JOB2656,2025-05-19,Line_1,A,861,546,517,28.9,53.0
JOB2657,2025-05-19,Line_1,B,899,774,744,29.6,20.7
JOB2658,2025-05-19,Line_1,C,1011,932,926,6.4,19.4
JOB2659,2025-05-19,Line_2,A,842,382,359,22.9,75.4
JOB2660,2025-05-19,Line_2,B,893,732,708,24.1,31.2
JOB2661,2025-05-19,Line_2,C,974,747,733,14.3,39.2
JOB2662,2025-05-19,Line_3,A,1131,979,951,27.8,17.6
JOB2663,2025-05-19,Line_3,B,987,842,831,10.9,7.2
JOB2664,2025-05-19,Line_3,C,1198,1039,1017,22.5,24.2
JOB2665,2025-05-19,Line_4,A,818,819,785,33.4,22.6
JOB2666,2025-05-19,Line_4,B,940,704,666,38.6,51.9
JOB2667,2025-05-19,Line_4,C,1187,1004,957,46.8,35.5
JOB2668,2025-05-20,Line_1,A,1160,976,956,20.3,52.0
JOB2669,2025-05-20,Line_1,B,1047,905,872,33.0,37.7
JOB2670,2025-05-20,Line_1,C,1019,930,906,24.5,41.1
JOB2671,2025-05-20,Line_2,A,988,911,904,7.3,33.8
JOB2672,2025-05-20,Line_2,B,1038,1032,992,39.6,0.0
JOB2673,2025-05-20,Line_2,C,874,792,751,41.5,3.5
JOB2674,2025-05-20,Line_3,A,1108,961,955,6.2,27.0
JOB2675,2025-05-20,Line_3,B,975,817,792,24.8,42.5
JOB2676,2025-05-20,Line_3,C,1160,1068,1049,18.6,26.8
JOB2677,2025-05-20,Line_4,A,1170,1148,1100,48.0,1.2
JOB2678,2025-05-20,Line_4,B,1095,720,695,24.2,60.2
JOB2679,2025-05-20,Line_4,C,1086,880,863,16.7,29.7
JOB2680,2025-05-21,Line_1,A,1149,1072,1063,8.8,25.3
JOB2681,2025-05-21,Line_1,B,1085,767,739,27.6,52.9
JOB2682,2025-05-21,Line_1,C,1131,1106,1078,28.2,12.4
JOB2683,2025-05-21,Line_2,A,934,815,798,16.9,26.6
JOB2684,2025-05-21,Line_2,B,1102,763,731,31.4,51.9
JOB2685,2025-05-21,Line_2,C,926,721,705,16.6,27.0
JOB2686,2025-05-21,Line_3,A,1120,709,704,4.6,69.2
JOB2687,2025-05-21,Line_3,B,1160,1014,994,19.8,43.0
JOB2688,2025-05-21,Line_3,C,923,816,792,23.7,28.7
JOB2689,2025-05-21,Line_4,A,1158,934,888,45.9,31.7
JOB2690,2025-05-21,Line_4,B,899,817,794,23.0,32.9
JOB2691,2025-05-21,Line_4,C,880,613,595,18.4,48.4
JOB2692,2025-05-22,Line_1,A,1103,920,901,19.2,45.5
JOB2693,2025-05-22,Line_1,B,1103,1079,1062,16.6,15.5
JOB2694,2025-05-22,Line_1,C,871,773,734,38.0,28.4
JOB2695,2025-05-22,Line_2,A,1131,1035,1023,11.1,31.0
JOB2696,2025-05-22,Line_2,B,944,862,843,19.0,19.4
JOB2697,2025-05-22,Line_2,C,937,884,849,34.2,21.2
JOB2698,2025-05-22,Line_3,A,1185,688,665,23.1,84.0
JOB2699,2025-05-22,Line_3,B,1148,935,927,7.8,52.7
JOB2700,2025-05-22,Line_3,C,941,926,903,23.0,25.9
JOB2701,2025-05-22,Line_4,A,987,862,841,21.4,33.0
JOB2702,2025-05-22,Line_4,B,800,603,582,20.5,50.8
JOB2703,2025-05-22,Line_4,C,973,926,892,33.5,23.9
JOB2704,2025-05-23,Line_1,A,942,779,763,15.3,58.8
JOB2705,2025-05-23,Line_1,B,1036,814,788,26.2,50.3
JOB2706,2025-05-23,Line_1,C,1103,801,797,3.3,46.7
JOB2707,2025-05-23,Line_2,A,869,663,641,22.6,55.8
JOB2708,2025-05-23,Line_2,B,1014,936,917,18.7,30.3
JOB2709,2025-05-23,Line_2,C,981,709,690,19.2,44.5
JOB2710,2025-05-23,Line_3,A,1033,1042,1007,35.0,1.6
JOB2711,2025-05-23,Line_3,B,1142,866,842,24.5,68.4
JOB2712,2025-05-23,Line_3,C,1016,821,777,44.0,45.6
JOB2713,2025-05-23,Line_4,A,1194,1092,1048,44.4,19.7
JOB2714,2025-05-23,Line_4,B,1062,892,865,27.0,38.7
JOB2715,2025-05-23,Line_4,C,1166,1136,1105,30.4,26.6
JOB2716,2025-05-24,Line_1,A,817,639,600,38.7,49.6
JOB2717,2025-05-24,Line_1,B,865,467,433,33.7,58.9
JOB2718,2025-05-24,Line_1,C,1198,1066,1032,34.2,23.4
JOB2719,2025-05-24,Line_2,A,1076,923,901,21.8,27.7
JOB2720,2025-05-24,Line_2,B,842,687,663,23.2,31.5
JOB2721,2025-05-24,Line_2,C,1090,953,920,33.5,37.0
JOB2722,2025-05-24,Line_3,A,891,771,731,39.9,38.8
JOB2723,2025-05-24,Line_3,B,1164,1073,1049,24.6,14.1
JOB2724,2025-05-24,Line_3,C,964,788,771,17.5,56.4
JOB2725,2025-05-24,Line_4,A,938,922,894,27.8,19.8
JOB2726,2025-05-24,Line_4,B,922,841,824,16.9,29.1
JOB2727,2025-05-24,Line_4,C,836,752,713,38.0,42.3
JOB2728,2025-05-25,Line_1,A,1035,859,826,33.4,35.1
JOB2729,2025-05-25,Line_1,B,879,748,735,13.1,12.9
JOB2730,2025-05-25,Line_1,C,803,784,755,28.6,21.4
JOB2731,2025-05-25,Line_2,A,972,605,571,34.3,55.3
JOB2732,2025-05-25,Line_2,B,1041,827,810,16.8,36.4
JOB2733,2025-05-25,Line_2,C,1070,918,894,24.3,21.8
JOB2734,2025-05-25,Line_3,A,1089,824,788,35.4,50.8
JOB2735,2025-05-25,Line_3,B,1135,920,893,26.8,55.8
JOB2736,2025-05-25,Line_3,C,1036,914,889,24.8,51.2
JOB2737,2025-05-25,Line_4,A,860,696,663,32.7,39.4
JOB2738,2025-05-25,Line_4,B,994,867,852,15.0,33.5
JOB2739,2025-05-25,Line_4,C,1138,1113,1086,27.2,15.4
JOB2740,2025-05-26,Line_1,A,1132,854,817,36.3,56.6
JOB2741,2025-05-26,Line_1,B,1116,1013,986,27.2,19.8
JOB2742,2025-05-26,Line_1,C,1008,792,770,21.6,44.0
JOB2743,2025-05-26,Line_2,A,1159,1068,1035,33.1,16.0
JOB2744,2025-05-26,Line_2,B,1192,1199,1168,31.0,8.7
JOB2745,2025-05-26,Line_2,C,915,651,618,33.1,68.5
JOB2746,2025-05-26,Line_3,A,1198,818,789,29.3,71.5
JOB2747,2025-05-26,Line_3,B,1036,956,910,46.0,13.6
JOB2748,2025-05-26,Line_3,C,1117,1018,988,29.7,21.6
JOB2749,2025-05-26,Line_4,A,1024,728,700,28.3,54.7
JOB2750,2025-05-26,Line_4,B,1052,985,979,5.5,29.0
JOB2751,2025-05-26,Line_4,C,970,895,857,38.0,23.2
JOB2752,2025-05-27,Line_1,A,1090,707,682,24.6,62.1
JOB2753,2025-05-27,Line_1,B,1084,918,879,38.6,39.6
JOB2754,2025-05-27,Line_1,C,855,585,568,16.6,58.5
JOB2755,2025-05-27,Line_2,A,931,845,814,30.6,25.8
JOB2756,2025-05-27,Line_2,B,1115,781,729,52.2,47.9
JOB2757,2025-05-27,Line_2,C,1101,1070,1038,31.7,0.4
JOB2758,2025-05-27,Line_3,A,890,668,647,21.0,57.4
JOB2759,2025-05-27,Line_3,B,1198,1186,1171,15.2,0.0
JOB2760,2025-05-27,Line_3,C,1166,958,945,12.7,69.8
JOB2761,2025-05-27,Line_4,A,964,843,818,25.0,25.0
JOB2762,2025-05-27,Line_4,B,980,906,902,4.0,29.8
JOB2763,2025-05-27,Line_4,C,987,950,921,29.3,9.5
JOB2764,2025-05-28,Line_1,A,826,489,459,29.8,83.6
JOB2765,2025-05-28,Line_1,B,1190,946,907,38.2,46.1
JOB2766,2025-05-28,Line_1,C,883,636,618,18.4,56.6
JOB2767,2025-05-28,Line_2,A,932,888,861,26.6,14.5
JOB2768,2025-05-28,Line_2,B,1043,928,896,31.9,21.5
JOB2769,2025-05-28,Line_2,C,1102,1033,1006,26.9,27.6
JOB2770,2025-05-28,Line_3,A,1158,1118,1073,44.7,27.1
JOB2771,2025-05-28,Line_3,B,871,784,753,30.6,11.0
JOB2772,2025-05-28,Line_3,C,1111,749,726,23.3,66.5
JOB2773,2025-05-28,Line_4,A,1179,1123,1115,8.3,21.9
JOB2774,2025-05-28,Line_4,B,931,777,753,24.1,14.4
JOB2775,2025-05-28,Line_4,C,835,687,679,8.5,34.3
JOB2776,2025-05-29,Line_1,A,1173,860,826,34.5,42.4
JOB2777,2025-05-29,Line_1,B,952,786,749,37.7,32.8
JOB2778,2025-05-29,Line_1,C,811,771,746,25.0,22.8
JOB2779,2025-05-29,Line_2,A,899,544,520,24.1,67.3
JOB2780,2025-05-29,Line_2,B,1178,1182,1157,25.1,0.0
JOB2781,2025-05-29,Line_2,C,995,920,898,22.2,22.9
JOB2782,2025-05-29,Line_3,A,1182,827,798,28.7,92.9
JOB2783,2025-05-29,Line_3,B,1032,876,869,7.4,26.1
JOB2784,2025-05-29,Line_3,C,968,808,768,40.1,30.4
JOB2785,2025-05-29,Line_4,A,1062,926,912,13.2,30.6
JOB2786,2025-05-29,Line_4,B,871,747,714,32.4,26.6
JOB2787,2025-05-29,Line_4,C,1019,962,951,10.7,32.8
JOB2788,2025-05-30,Line_1,A,1017,812,781,31.1,49.0
JOB2789,2025-05-30,Line_1,B,972,832,816,16.1,28.8
JOB2790,2025-05-30,Line_1,C,1028,791,773,18.0,46.5
JOB2791,2025-05-30,Line_2,A,1169,839,818,21.6,52.7
JOB2792,2025-05-30,Line_2,B,996,802,783,19.3,35.8
JOB2793,2025-05-30,Line_2,C,1015,749,723,26.0,52.4
JOB2794,2025-05-30,Line_3,A,1190,984,975,9.4,30.7
JOB2795,2025-05-30,Line_3,B,1101,1005,969,36.4,12.4
JOB2796,2025-05-30,Line_3,C,981,687,655,31.7,65.7
JOB2797,2025-05-30,Line_4,A,1013,915,883,31.3,14.7
JOB2798,2025-05-30,Line_4,B,971,965,926,39.3,7.1
JOB2799,2025-05-30,Line_4,C,957,781,747,34.0,39.6
JOB2800,2025-05-31,Line_1,A,908,697,668,29.0,28.0
JOB2801,2025-05-31,Line_1,B,1191,1203,1185,17.8,24.0
JOB2802,2025-05-31,Line_1,C,1027,923,901,21.9,12.9
JOB2803,2025-05-31,Line_2,A,1166,1030,1002,27.2,28.6
JOB2804,2025-05-31,Line_2,B,1124,902,866,36.3,46.9
JOB2805,2025-05-31,Line_2,C,959,720,701,18.4,57.4
JOB2806,2025-05-31,Line_3,A,1172,979,964,14.5,31.9
JOB2807,2025-05-31,Line_3,B,837,756,723,33.2,24.8
JOB2808,2025-05-31,Line_3,C,996,835,801,34.4,31.3
JOB2809,2025-05-31,Line_4,A,1086,771,725,46.1,54.7
JOB2810,2025-05-31,Line_4,B,1056,938,919,19.2,30.5
JOB2811,2025-05-31,Line_4,C,1185,919,905,14.1,37.3
JOB2812,2025-06-01,Line_1,A,1166,1095,1053,41.6,10.6
JOB2813,2025-06-01,Line_1,B,1094,728,701,27.1,43.5
JOB2814,2025-06-01,Line_1,C,1022,947,911,35.9,28.1
JOB2815,2025-06-01,Line_2,A,979,927,899,27.6,0.4
JOB2816,2025-06-01,Line_2,B,1006,969,949,19.8,15.7
JOB2817,2025-06-01,Line_2,C,1116,811,774,36.0,69.0
JOB2818,2025-06-01,Line_3,A,825,457,442,14.3,60.1
JOB2819,2025-06-01,Line_3,B,1005,899,885,13.6,33.8
JOB2820,2025-06-01,Line_3,C,1198,988,967,21.3,29.1
JOB2821,2025-06-01,Line_4,A,1179,1078,1044,34.1,35.5
JOB2822,2025-06-01,Line_4,B,901,910,889,21.1,0.0
JOB2823,2025-06-01,Line_4,C,803,614,589,24.8,54.8
JOB2824,2025-06-02,Line_1,A,945,660,619,41.3,41.9
JOB2825,2025-06-02,Line_1,B,875,612,602,10.6,61.6
JOB2826,2025-06-02,Line_1,C,1125,899,876,22.8,53.8
JOB2827,2025-06-02,Line_2,A,816,813,803,10.1,6.2
JOB2828,2025-06-02,Line_2,B,1092,747,734,12.3,69.6
JOB2829,2025-06-02,Line_2,C,959,917,895,22.3,2.7
JOB2830,2025-06-02,Line_3,A,920,855,844,11.6,10.2
JOB2831,2025-06-02,Line_3,B,980,662,650,11.7,54.5
JOB2832,2025-06-02,Line_3,C,958,843,809,33.8,19.8
JOB2833,2025-06-02,Line_4,A,1142,992,970,22.5,29.4
JOB2834,2025-06-02,Line_4,B,974,764,717,47.3,46.1
JOB2835,2025-06-02,Line_4,C,1042,923,880,43.1,9.1
JOB2836,2025-06-03,Line_1,A,850,726,701,24.7,28.0
JOB2837,2025-06-03,Line_1,B,1096,1044,1023,20.6,20.9
JOB2838,2025-06-03,Line_1,C,1028,968,946,21.9,9.6
JOB2839,2025-06-03,Line_2,A,1010,837,806,31.0,45.6
JOB2840,2025-06-03,Line_2,B,1028,1026,1026,0.0,0.0
JOB2841,2025-06-03,Line_2,C,938,636,625,11.4,52.9
JOB2842,2025-06-03,Line_3,A,1122,802,786,16.0,40.9
JOB2843,2025-06-03,Line_3,B,858,802,772,30.1,26.3
JOB2844,2025-06-03,Line_3,C,1100,892,876,16.3,44.1
JOB2845,2025-06-03,Line_4,A,854,813,792,21.5,6.6
JOB2846,2025-06-03,Line_4,B,804,539,506,32.5,52.8
JOB2847,2025-06-03,Line_4,C,996,818,781,36.7,51.2
JOB2848,2025-06-04,Line_1,A,1130,1057,1024,33.1,24.8
JOB2849,2025-06-04,Line_1,B,1149,961,921,40.5,35.1
JOB2850,2025-06-04,Line_1,C,812,661,638,22.8,28.9
JOB2851,2025-06-04,Line_2,A,1108,970,947,22.9,31.6
JOB2852,2025-06-04,Line_2,B,1192,1124,1105,19.5,5.5
JOB2853,2025-06-04,Line_2,C,1074,997,976,20.8,17.5
JOB2854,2025-06-04,Line_3,A,1183,1060,1037,23.3,13.0
JOB2855,2025-06-04,Line_3,B,1187,1089,1072,16.8,36.6
JOB2856,2025-06-04,Line_3,C,1081,990,982,8.3,22.9
JOB2857,2025-06-04,Line_4,A,962,777,776,1.0,45.0
JOB2858,2025-06-04,Line_4,B,1123,925,882,42.8,48.3
JOB2859,2025-06-04,Line_4,C,1072,947,897,50.5,25.6
JOB2860,2025-06-05,Line_1,A,870,556,521,34.9,49.0
JOB2861,2025-06-05,Line_1,B,1006,951,927,23.7,24.9
JOB2862,2025-06-05,Line_1,C,1116,891,854,36.8,32.8
JOB2863,2025-06-05,Line_2,A,927,678,662,16.1,33.0
JOB2864,2025-06-05,Line_2,B,940,814,790,24.1,29.8
JOB2865,2025-06-05,Line_2,C,1141,956,926,30.3,31.3
JOB2866,2025-06-05,Line_3,A,1144,962,941,20.5,41.3
JOB2867,2025-06-05,Line_3,B,982,869,843,26.4,33.5
JOB2868,2025-06-05,Line_3,C,933,921,907,13.5,9.1
JOB2869,2025-06-05,Line_4,A,1138,1072,1047,25.0,13.4
JOB2870,2025-06-05,Line_4,B,1050,998,984,14.7,37.3
JOB2871,2025-06-05,Line_4,C,1147,982,960,22.5,38.2
JOB2872,2025-06-06,Line_1,A,884,616,586,30.7,49.8
JOB2873,2025-06-06,Line_1,B,1154,977,946,31.3,54.7
JOB2874,2025-06-06,Line_1,C,815,561,553,7.9,49.9
JOB2875,2025-06-06,Line_2,A,992,998,966,32.3,24.1
JOB2876,2025-06-06,Line_2,B,1111,1055,1016,38.8,34.4
JOB2877,2025-06-06,Line_2,C,1152,961,925,35.9,27.6
JOB2878,2025-06-06,Line_3,A,1153,1236,1203,33.6,23.0
JOB2879,2025-06-06,Line_3,B,805,605,577,28.2,51.7
JOB2880,2025-06-06,Line_3,C,992,852,836,15.6,32.6
JOB2881,2025-06-06,Line_4,A,1080,872,853,19.2,40.8
JOB2882,2025-06-06,Line_4,B,915,939,917,22.8,3.6
JOB2883,2025-06-06,Line_4,C,1102,1019,1015,4.3,23.4
JOB2884,2025-06-07,Line_1,A,1123,918,898,20.1,44.5
JOB2885,2025-06-07,Line_1,B,1195,965,947,18.1,43.3
JOB2886,2025-06-07,Line_1,C,1033,859,847,11.5,53.5
JOB2887,2025-06-07,Line_2,A,1194,1043,1008,35.0,48.5
JOB2888,2025-06-07,Line_2,B,1157,972,961,11.2,37.7
JOB2889,2025-06-07,Line_2,C,856,751,736,14.5,20.5
JOB2890,2025-06-07,Line_3,A,802,683,649,34.4,36.8
JOB2891,2025-06-07,Line_3,B,831,688,670,18.5,31.3
JOB2892,2025-06-07,Line_3,C,972,929,919,9.6,38.9
JOB2893,2025-06-07,Line_4,A,833,686,663,23.2,33.1
JOB2894,2025-06-07,Line_4,B,858,521,490,30.9,76.1
JOB2895,2025-06-07,Line_4,C,1070,641,612,29.0,74.1
JOB2896,2025-06-08,Line_1,A,1156,1040,1011,29.6,31.1
JOB2897,2025-06-08,Line_1,B,1179,1081,1062,19.9,27.0
JOB2898,2025-06-08,Line_1,C,946,610,579,31.6,53.7
JOB2899,2025-06-08,Line_2,A,1047,776,745,30.8,38.4
JOB2900,2025-06-08,Line_2,B,1042,953,920,33.0,30.6
JOB2901,2025-06-08,Line_2,C,836,702,671,31.1,43.1
JOB2902,2025-06-08,Line_3,A,945,785,777,7.9,36.2
JOB2903,2025-06-08,Line_3,B,806,471,438,33.8,55.4
JOB2904,2025-06-08,Line_3,C,919,933,896,37.7,24.1
JOB2905,2025-06-08,Line_4,A,826,657,627,29.7,27.8
JOB2906,2025-06-08,Line_4,B,1044,873,861,12.4,43.8
JOB2907,2025-06-08,Line_4,C,1141,1069,1043,26.3,24.1
JOB2908,2025-06-09,Line_1,A,944,888,856,32.0,26.0
JOB2909,2025-06-09,Line_1,B,1130,877,877,0.0,52.9
JOB2910,2025-06-09,Line_1,C,907,794,764,30.3,20.3
JOB2911,2025-06-09,Line_2,A,858,525,487,37.6,61.0
JOB2912,2025-06-09,Line_2,B,1056,806,795,11.1,54.0
JOB2913,2025-06-09,Line_2,C,904,783,748,35.3,40.4
JOB2914,2025-06-09,Line_3,A,800,626,595,30.9,38.1
JOB2915,2025-06-09,Line_3,B,805,676,665,11.5,28.3
JOB2916,2025-06-09,Line_3,C,936,802,779,23.0,32.5
JOB2917,2025-06-09,Line_4,A,916,942,932,9.5,18.1
JOB2918,2025-06-09,Line_4,B,1125,857,843,14.3,51.6
JOB2919,2025-06-09,Line_4,C,1080,1040,1026,14.4,16.2
JOB2920,2025-06-10,Line_1,A,815,644,614,29.8,42.0
JOB2921,2025-06-10,Line_1,B,893,762,729,32.9,32.1
JOB2922,2025-06-10,Line_1,C,802,533,516,16.4,56.4
JOB2923,2025-06-10,Line_2,A,839,479,471,8.1,59.4
JOB2924,2025-06-10,Line_2,B,988,744,701,43.0,45.7
JOB2925,2025-06-10,Line_2,C,977,926,893,33.0,14.1
JOB2926,2025-06-10,Line_3,A,1157,816,806,9.8,57.0
JOB2927,2025-06-10,Line_3,B,1078,971,956,15.2,18.1
JOB2928,2025-06-10,Line_3,C,835,713,686,27.8,22.5
JOB2929,2025-06-10,Line_4,A,897,708,672,36.4,42.0
JOB2930,2025-06-10,Line_4,B,1193,1137,1108,28.3,31.0
JOB2931,2025-06-10,Line_4,C,1137,919,899,19.6,49.6
JOB2932,2025-06-11,Line_1,A,1193,1114,1099,14.9,23.2
JOB2933,2025-06-11,Line_1,B,1109,1034,1016,17.3,32.7
JOB2934,2025-06-11,Line_1,C,884,755,736,19.1,46.5
JOB2935,2025-06-11,Line_2,A,883,544,519,24.8,71.0
JOB2936,2025-06-11,Line_2,B,1119,930,909,21.6,31.5
JOB2937,2025-06-11,Line_2,C,1064,776,734,42.3,44.6
JOB2938,2025-06-11,Line_3,A,1115,1046,1008,37.3,14.4
JOB2939,2025-06-11,Line_3,B,830,537,512,24.7,36.8
JOB2940,2025-06-11,Line_3,C,977,937,920,16.8,19.5
JOB2941,2025-06-11,Line_4,A,1181,1156,1129,26.8,0.0
JOB2942,2025-06-11,Line_4,B,1008,985,967,17.8,19.6
JOB2943,2025-06-11,Line_4,C,856,777,758,19.0,24.5
JOB2944,2025-06-12,Line_1,A,894,719,690,28.9,34.1
JOB2945,2025-06-12,Line_1,B,1090,940,930,10.0,34.4
JOB2946,2025-06-12,Line_1,C,809,569,550,18.9,65.5
JOB2947,2025-06-12,Line_2,A,1167,1005,1005,0.0,43.9
JOB2948,2025-06-12,Line_2,B,803,638,611,27.3,34.1
JOB2949,2025-06-12,Line_2,C,1015,889,866,22.3,44.9
JOB2950,2025-06-12,Line_3,A,1092,834,812,22.3,45.0
JOB2951,2025-06-12,Line_3,B,1156,1041,1012,29.0,44.6
JOB2952,2025-06-12,Line_3,C,809,581,548,33.7,63.8
JOB2953,2025-06-12,Line_4,A,826,617,603,14.3,43.4
JOB2954,2025-06-12,Line_4,B,1139,986,957,29.5,30.1
JOB2955,2025-06-12,Line_4,C,1198,1094,1052,42.5,27.7
JOB2956,2025-06-13,Line_1,A,955,674,642,31.4,37.2
JOB2957,2025-06-13,Line_1,B,857,667,659,8.5,80.4
JOB2958,2025-06-13,Line_1,C,803,655,639,16.9,33.1
JOB2959,2025-06-13,Line_2,A,1160,990,962,28.4,20.6
JOB2960,2025-06-13,Line_2,B,916,815,778,36.3,42.0
JOB2961,2025-06-13,Line_2,C,1027,871,831,40.0,18.9
JOB2962,2025-06-13,Line_3,A,965,877,840,36.6,31.0
JOB2963,2025-06-13,Line_3,B,1141,1080,1080,0.1,24.4
JOB2964,2025-06-13,Line_3,C,925,934,910,24.0,4.3
JOB2965,2025-06-13,Line_4,A,1138,964,925,38.9,39.5
JOB2966,2025-06-13,Line_4,B,995,776,762,14.1,51.2
JOB2967,2025-06-13,Line_4,C,1084,674,649,25.0,73.7
JOB2968,2025-06-14,Line_1,A,1045,809,783,26.3,52.1
JOB2969,2025-06-14,Line_1,B,950,777,752,24.3,51.3
JOB2970,2025-06-14,Line_1,C,864,815,782,33.3,35.7
JOB2971,2025-06-14,Line_2,A,808,649,632,16.3,37.8
JOB2972,2025-06-14,Line_2,B,802,691,680,11.6,37.9
JOB2973,2025-06-14,Line_2,C,939,719,715,3.8,55.7
JOB2974,2025-06-14,Line_3,A,904,701,674,27.2,45.1
JOB2975,2025-06-14,Line_3,B,920,848,816,31.8,9.2
JOB2976,2025-06-14,Line_3,C,1028,901,870,30.3,21.5
JOB2977,2025-06-14,Line_4,A,1026,993,951,41.2,17.8
JOB2978,2025-06-14,Line_4,B,1199,935,910,24.8,42.4
JOB2979,2025-06-14,Line_4,C,881,802,764,38.3,15.6
JOB2980,2025-06-15,Line_1,A,942,760,727,33.3,29.3
JOB2981,2025-06-15,Line_1,B,1128,868,832,36.1,33.8
JOB2982,2025-06-15,Line_1,C,848,786,757,29.8,4.3
JOB2983,2025-06-15,Line_2,A,974,675,635,39.9,61.6
JOB2984,2025-06-15,Line_2,B,862,776,758,17.7,24.8
JOB2985,2025-06-15,Line_2,C,1102,1034,1010,23.8,19.8
JOB2986,2025-06-15,Line_3,A,913,550,512,38.6,56.2
JOB2987,2025-06-15,Line_3,B,924,708,682,26.5,55.2
JOB2988,2025-06-15,Line_3,C,1110,1005,988,17.4,16.6
JOB2989,2025-06-15,Line_4,A,1167,896,886,10.2,59.3
JOB2990,2025-06-15,Line_4,B,864,737,722,15.2,30.7
JOB2991,2025-06-15,Line_4,C,880,705,682,23.0,44.4
JOB2992,2025-06-16,Line_1,A,1117,1136,1087,49.3,20.0
JOB2993,2025-06-16,Line_1,B,1117,913,880,32.8,33.6
JOB2994,2025-06-16,Line_1,C,1139,1084,1047,36.8,30.9
JOB2995,2025-06-16,Line_2,A,1121,765,737,28.5,67.7
JOB2996,2025-06-16,Line_2,B,950,750,750,0.8,37.7
JOB2997,2025-06-16,Line_2,C,1149,969,953,15.6,41.8
JOB2998,2025-06-16,Line_3,A,1096,1069,1047,21.9,12.8
JOB2999,2025-06-16,Line_3,B,902,848,823,25.1,16.0
JOB3000,2025-06-16,Line_3,C,1097,872,855,16.7,61.9
JOB3001,2025-06-16,Line_4,A,1095,667,651,16.2,67.1
JOB3002,2025-06-16,Line_4,B,860,764,732,32.8,14.5
JOB3003,2025-06-16,Line_4,C,1097,786,766,19.9,60.6
JOB3004,2025-06-17,Line_1,A,818,819,785,34.3,13.5
JOB3005,2025-06-17,Line_1,B,1159,1095,1078,17.0,8.7
JOB3006,2025-06-17,Line_1,C,968,935,918,16.9,14.9
JOB3007,2025-06-17,Line_2,A,804,760,739,21.9,24.0
JOB3008,2025-06-17,Line_2,B,1130,980,955,25.3,41.6
JOB3009,2025-06-17,Line_2,C,1167,1076,1048,28.1,27.4
JOB3010,2025-06-17,Line_3,A,1098,883,870,12.8,56.2
JOB3011,2025-06-17,Line_3,B,1139,1104,1063,41.1,0.0
JOB3012,2025-06-17,Line_3,C,816,568,543,24.4,52.1
JOB3013,2025-06-17,Line_4,A,935,879,849,30.2,33.3
JOB3014,2025-06-17,Line_4,B,1079,1004,958,45.4,31.0
JOB3015,2025-06-17,Line_4,C,913,851,818,32.8,27.5
JOB3016,2025-06-18,Line_1,A,987,965,948,16.2,8.3
JOB3017,2025-06-18,Line_1,B,942,787,773,13.7,47.5
JOB3018,2025-06-18,Line_1,C,859,715,691,24.8,46.7
JOB3019,2025-06-18,Line_2,A,1050,967,945,22.2,22.3
JOB3020,2025-06-18,Line_2,B,1126,1096,1069,27.3,15.1
JOB3021,2025-06-18,Line_2,C,1192,1112,1094,18.4,15.4
JOB3022,2025-06-18,Line_3,A,870,696,669,26.9,38.7
JOB3023,2025-06-18,Line_3,B,1047,1001,990,10.5,7.7
JOB3024,2025-06-18,Line_3,C,1070,971,951,20.2,24.0
JOB3025,2025-06-18,Line_4,A,993,963,933,30.8,0.0
JOB3026,2025-06-18,Line_4,B,991,978,951,27.4,22.2
JOB3027,2025-06-18,Line_4,C,850,746,713,32.4,30.5
JOB3028,2025-06-19,Line_1,A,872,752,726,25.6,49.6
JOB3029,2025-06-19,Line_1,B,961,898,878,20.1,29.4
JOB3030,2025-06-19,Line_1,C,999,594,565,29.3,63.5
JOB3031,2025-06-19,Line_2,A,840,631,600,30.6,56.9
JOB3032,2025-06-19,Line_2,B,1038,825,810,14.3,46.2
JOB3033,2025-06-19,Line_2,C,1145,1024,998,25.8,32.4
JOB3034,2025-06-19,Line_3,A,828,580,549,31.6,55.6
JOB3035,2025-06-19,Line_3,B,1009,894,887,6.7,35.0
JOB3036,2025-06-19,Line_3,C,1032,905,879,25.9,28.7
JOB3037,2025-06-19,Line_4,A,924,976,937,38.1,3.0
JOB3038,2025-06-19,Line_4,B,938,682,658,23.7,39.5
JOB3039,2025-06-19,Line_4,C,1042,592,567,25.4,92.9
JOB3040,2025-06-20,Line_1,A,882,790,759,31.1,17.4
JOB3041,2025-06-20,Line_1,B,1087,721,706,15.2,81.1
JOB3042,2025-06-20,Line_1,C,848,672,636,35.4,33.2
JOB3043,2025-06-20,Line_2,A,1193,975,942,32.6,37.6
JOB3044,2025-06-20,Line_2,B,872,689,663,25.7,45.3
JOB3045,2025-06-20,Line_2,C,1084,929,904,25.3,42.6
JOB3046,2025-06-20,Line_3,A,1131,958,933,25.3,24.3
JOB3047,2025-06-20,Line_3,B,817,661,635,26.5,29.6
JOB3048,2025-06-20,Line_3,C,1158,930,909,21.0,23.9
JOB3049,2025-06-20,Line_4,A,921,769,754,15.0,38.1
JOB3050,2025-06-20,Line_4,B,960,850,830,19.5,58.0
JOB3051,2025-06-20,Line_4,C,889,740,728,12.1,20.2
JOB3052,2025-06-21,Line_1,A,802,582,558,24.2,54.1
JOB3053,2025-06-21,Line_1,B,1143,881,855,26.7,50.3
JOB3054,2025-06-21,Line_1,C,956,776,766,10.0,54.4
JOB3055,2025-06-21,Line_2,A,1193,1071,1040,31.1,36.9
JOB3056,2025-06-21,Line_2,B,1055,888,867,20.4,43.5
JOB3057,2025-06-21,Line_2,C,956,747,722,25.7,39.7
JOB3058,2025-06-21,Line_3,A,1164,960,925,34.1,48.1
JOB3059,2025-06-21,Line_3,B,928,701,680,20.6,51.2
JOB3060,2025-06-21,Line_3,C,1164,1083,1070,13.9,24.0
JOB3061,2025-06-21,Line_4,A,910,774,739,35.0,41.3
JOB3062,2025-06-21,Line_4,B,865,776,737,38.8,9.9
JOB3063,2025-06-21,Line_4,C,1049,886,865,21.0,38.6
JOB3064,2025-06-22,Line_1,A,831,823,806,17.3,18.9
JOB3065,2025-06-22,Line_1,B,1116,959,919,39.8,35.2
JOB3066,2025-06-22,Line_1,C,1187,1025,1008,17.1,40.7
JOB3067,2025-06-22,Line_2,A,1159,877,847,30.1,57.4
JOB3068,2025-06-22,Line_2,B,1018,958,931,26.8,12.1
JOB3069,2025-06-22,Line_2,C,821,708,682,26.4,15.2
JOB3070,2025-06-22,Line_3,A,975,756,719,36.7,51.0
JOB3071,2025-06-22,Line_3,B,967,883,852,31.1,18.7
JOB3072,2025-06-22,Line_3,C,1072,830,816,13.4,44.7
JOB3073,2025-06-22,Line_4,A,1186,1031,1023,8.3,60.8
JOB3074,2025-06-22,Line_4,B,920,806,776,29.2,21.4
JOB3075,2025-06-22,Line_4,C,981,948,920,28.1,24.9
JOB3076,2025-06-23,Line_1,A,1138,826,789,36.4,58.9
JOB3077,2025-06-23,Line_1,B,1187,986,954,32.6,34.4
JOB3078,2025-06-23,Line_1,C,838,732,723,9.1,46.7
JOB3079,2025-06-23,Line_2,A,1139,1032,1012,20.6,43.1
JOB3080,2025-06-23,Line_2,B,1023,866,851,15.1,39.9
JOB3081,2025-06-23,Line_2,C,1078,966,942,24.2,44.5
JOB3082,2025-06-23,Line_3,A,1150,917,904,12.2,32.8
JOB3083,2025-06-23,Line_3,B,956,904,874,29.6,0.0
JOB3084,2025-06-23,Line_3,C,1099,894,874,19.3,54.3
JOB3085,2025-06-23,Line_4,A,811,717,670,46.3,44.6
JOB3086,2025-06-23,Line_4,B,1058,975,950,24.6,28.9
JOB3087,2025-06-23,Line_4,C,1179,997,971,25.7,57.5
JOB3088,2025-06-24,Line_1,A,1101,1010,974,36.7,44.0
JOB3089,2025-06-24,Line_1,B,1084,843,823,19.8,43.7
JOB3090,2025-06-24,Line_1,C,953,748,717,31.4,42.9
JOB3091,2025-06-24,Line_2,A,1022,888,879,9.1,15.4
JOB3092,2025-06-24,Line_2,B,1133,1020,983,36.7,35.6
JOB3093,2025-06-24,Line_2,C,813,428,397,31.2,59.4
JOB3094,2025-06-24,Line_3,A,1086,1014,984,29.7,23.2
JOB3095,2025-06-24,Line_3,B,848,659,627,31.6,24.1
JOB3096,2025-06-24,Line_3,C,898,838,815,22.8,17.7
JOB3097,2025-06-24,Line_4,A,1180,1034,1003,30.7,42.1
JOB3098,2025-06-24,Line_4,B,1080,868,851,16.6,36.6
JOB3099,2025-06-24,Line_4,C,997,735,729,6.4,40.5
JOB3100,2025-06-25,Line_1,A,1155,1001,965,36.1,42.0
JOB3101,2025-06-25,Line_1,B,846,731,724,7.5,33.1
JOB3102,2025-06-25,Line_1,C,1127,896,843,52.7,33.9
JOB3103,2025-06-25,Line_2,A,1191,890,890,0.0,57.9
JOB3104,2025-06-25,Line_2,B,803,615,590,24.8,34.2
JOB3105,2025-06-25,Line_2,C,938,810,768,41.8,40.1
JOB3106,2025-06-25,Line_3,A,1043,875,855,20.0,20.9
JOB3107,2025-06-25,Line_3,B,1139,1125,1098,26.3,3.3
JOB3108,2025-06-25,Line_3,C,901,788,758,29.3,43.2
JOB3109,2025-06-25,Line_4,A,984,883,839,44.5,32.7
JOB3110,2025-06-25,Line_4,B,800,744,724,20.6,26.3
JOB3111,2025-06-25,Line_4,C,988,751,720,31.1,67.2
JOB3112,2025-06-26,Line_1,A,1026,827,808,19.2,51.2
JOB3113,2025-06-26,Line_1,B,926,619,577,41.7,59.5
JOB3114,2025-06-26,Line_1,C,1118,969,934,35.8,44.3
JOB3115,2025-06-26,Line_2,A,1026,846,832,13.6,43.1
JOB3116,2025-06-26,Line_2,B,1011,683,661,21.7,41.2
JOB3117,2025-06-26,Line_2,C,1053,841,818,23.2,34.7
JOB3118,2025-06-26,Line_3,A,1086,888,857,31.1,25.2
JOB3119,2025-06-26,Line_3,B,1179,1085,1074,10.6,3.4
JOB3120,2025-06-26,Line_3,C,901,643,612,31.4,45.2
JOB3121,2025-06-26,Line_4,A,966,787,755,32.5,46.8
JOB3122,2025-06-26,Line_4,B,1082,1083,1057,26.2,7.2
JOB3123,2025-06-26,Line_4,C,1079,790,765,25.3,67.1
JOB3124,2025-06-27,Line_1,A,954,717,667,49.8,39.3
JOB3125,2025-06-27,Line_1,B,1098,991,973,17.0,56.5
JOB3126,2025-06-27,Line_1,C,1030,856,806,50.4,36.0
JOB3127,2025-06-27,Line_2,A,1198,909,882,27.4,42.7
JOB3128,2025-06-27,Line_2,B,1030,859,839,19.5,46.2
JOB3129,2025-06-27,Line_2,C,1040,965,946,19.3,22.6
JOB3130,2025-06-27,Line_3,A,959,811,785,26.7,35.3
JOB3131,2025-06-27,Line_3,B,838,495,471,24.3,56.6
JOB3132,2025-06-27,Line_3,C,1178,1069,1049,20.6,32.0
JOB3133,2025-06-27,Line_4,A,942,855,845,10.3,15.8
JOB3134,2025-06-27,Line_4,B,828,863,845,17.9,8.6
JOB3135,2025-06-27,Line_4,C,879,826,793,32.4,18.9
JOB3136,2025-06-28,Line_1,A,1141,855,831,23.7,55.9
JOB3137,2025-06-28,Line_1,B,1030,979,940,39.3,21.3
JOB3138,2025-06-28,Line_1,C,1015,681,658,23.2,45.6
JOB3139,2025-06-28,Line_2,A,1122,1077,1057,19.8,39.2
JOB3140,2025-06-28,Line_2,B,900,743,729,13.8,13.0
JOB3141,2025-06-28,Line_2,C,947,696,667,28.9,62.9
JOB3142,2025-06-28,Line_3,A,916,843,818,24.9,24.7
JOB3143,2025-06-28,Line_3,B,865,684,684,0.0,31.1
JOB3144,2025-06-28,Line_3,C,900,833,798,35.4,46.0
JOB3145,2025-06-28,Line_4,A,969,994,968,25.3,0.0
JOB3146,2025-06-28,Line_4,B,1093,1056,1005,51.6,23.7
JOB3147,2025-06-28,Line_4,C,904,578,554,24.2,68.7
JOB3148,2025-06-29,Line_1,A,1177,995,972,23.1,29.5
JOB3149,2025-06-29,Line_1,B,1179,1042,1033,8.5,6.8
JOB3150,2025-06-29,Line_1,C,996,1036,1004,32.1,15.6
JOB3151,2025-06-29,Line_2,A,954,865,838,27.1,16.0
JOB3152,2025-06-29,Line_2,B,946,750,734,16.4,49.1
JOB3153,2025-06-29,Line_2,C,850,791,768,23.2,3.5
JOB3154,2025-06-29,Line_3,A,860,847,791,55.7,18.8
JOB3155,2025-06-29,Line_3,B,847,876,855,20.8,0.0
JOB3156,2025-06-29,Line_3,C,984,766,738,28.4,43.3
JOB3157,2025-06-29,Line_4,A,862,813,795,17.9,7.5
JOB3158,2025-06-29,Line_4,B,823,776,752,24.0,16.5
JOB3159,2025-06-29,Line_4,C,961,681,648,33.6,48.4
