date,material,material_demand,production_volume,ending_inventory,waste_percent,month,week,day_of_week,inventory_doh
2025-01-01,Pulp_A,235.79,244.55,860.75,3.99,1,1,2,109.5148225115569
2025-01-01,Chemical_B,99.83,92.77,369.31,5.33,1,1,2,110.98166883702294
2025-01-01,Packaging_C,172.03,158.84,547.15,5.85,1,1,2,95.41649712259489
2025-01-01,Resin_D,76.3,72.42,312.26,1.92,1,1,2,122.77588466579292
2025-01-02,Pulp_A,232.32,229.79,819.85,2.46,1,1,3,105.86905991735537
2025-01-02,Chemical_B,88.5,85.55,394.36,2.83,1,1,3,133.6813559322034
2025-01-02,Packaging_C,170.67,162.47,523.68,3.57,1,1,3,92.05132712251714
2025-01-02,Resin_D,75.52,76.82,302.25,1.85,1,1,3,120.06753177966102
2025-01-03,Pulp_A,220.02,226.51,872.68,3.2,1,1,4,118.99100081810742
2025-01-03,Chemical_B,103.83,96.09,344.73,5.55,1,1,4,99.6041606472118
2025-01-03,Packaging_C,161.37,156.51,508.11,3.6,1,1,4,94.4617958728388
2025-01-03,Resin_D,64.11,68.93,315.81,4.88,1,1,4,147.78193729527374
2025-01-04,Pulp_A,222.45,207.81,881.83,1.98,1,1,5,118.92515171948753
2025-01-04,Chemical_B,84.64,83.13,382.83,2.36,1,1,5,135.69116257088845
2025-01-04,Packaging_C,124.47,120.1,601.96,3.71,1,1,5,145.08556278621356
2025-01-04,Resin_D,71.24,66.39,294.14,5.93,1,1,5,123.8658057271196
2025-01-05,Pulp_A,201.57,185.62,913.73,5.08,1,1,6,135.99196308974552
2025-01-05,Chemical_B,102.18,106.62,396.1,1.37,1,1,6,116.29477392836172
2025-01-05,Packaging_C,119.13,126.05,573.14,4.12,1,1,6,144.33140266935283
2025-01-05,Resin_D,59.53,57.73,310.83,2.63,1,1,6,156.64202922896018
2025-01-06,Pulp_A,242.25,257.26,891.66,3.36,1,2,0,110.42229102167184
2025-01-06,Chemical_B,110.49,115.1,348.39,3.81,1,2,0,94.59408091229976
2025-01-06,Packaging_C,149.52,150.07,589.59,3.14,1,2,0,118.29654895666133
2025-01-06,Resin_D,86.37,83.8,281.16,3.54,1,2,0,97.65890934352207
2025-01-07,Pulp_A,227.11,223.85,881.82,4.78,1,2,1,116.48364228787811
2025-01-07,Chemical_B,93.28,99.69,369.18,5.04,1,2,1,118.73284734133792
2025-01-07,Packaging_C,164.14,172.11,544.08,1.93,1,2,1,99.44193980748143
2025-01-07,Resin_D,86.86,91.13,312.36,5.48,1,2,1,107.88395118581626
2025-01-08,Pulp_A,220.21,210.63,871.59,3.14,1,2,2,118.73983924435765
2025-01-08,Chemical_B,110.19,101.49,371.34,3.55,1,2,2,101.09991832289681
2025-01-08,Packaging_C,129.52,121.64,559.97,2.69,1,2,2,129.70274861025322
2025-01-08,Resin_D,83.33,83.58,301.77,4.52,1,2,2,108.64154566182647
2025-01-09,Pulp_A,234.95,252.33,863.19,2.26,1,2,3,110.2179187061077
2025-01-09,Chemical_B,77.3,74.64,397.03,1.18,1,2,3,154.08667529107373
2025-01-09,Packaging_C,151.99,141.08,609.59,2.39,1,2,3,120.32173169287454
2025-01-09,Resin_D,83.2,78.47,299.34,3.45,1,2,3,107.93509615384615
2025-01-10,Pulp_A,248.57,238.13,870.23,4.64,1,2,4,105.02836223196687
2025-01-10,Chemical_B,127.47,130.19,312.49,3.68,1,2,4,73.54436337961874
2025-01-10,Packaging_C,136.57,126.53,549.27,3.95,1,2,4,120.65680603353591
2025-01-10,Resin_D,63.17,64.63,313.55,1.87,1,2,4,148.90770935570683
2025-01-11,Pulp_A,199.97,213.95,938.78,1.69,1,2,5,140.83812571885784
2025-01-11,Chemical_B,77.02,82.25,389.93,5.39,1,2,5,151.8813295247988
2025-01-11,Packaging_C,145.97,153.38,523.26,3.78,1,2,5,107.54127560457628
2025-01-11,Resin_D,44.65,41.75,334.96,5.49,1,2,5,225.05711086226202
2025-01-12,Pulp_A,218.0,212.39,901.55,2.75,1,2,6,124.06651376146789
2025-01-12,Chemical_B,96.93,102.93,385.49,4.9,1,2,6,119.30981120396162
2025-01-12,Packaging_C,123.9,117.19,581.9,5.49,1,2,6,140.8958837772397
2025-01-12,Resin_D,73.5,67.68,283.64,1.8,1,2,6,115.77142857142856
2025-01-13,Pulp_A,260.43,266.76,851.42,2.12,1,3,0,98.07856237760625
2025-01-13,Chemical_B,92.82,90.23,401.86,4.73,1,3,0,129.88364576599872
2025-01-13,Packaging_C,166.89,171.1,543.43,3.84,1,3,0,97.68650008987956
2025-01-13,Resin_D,83.76,80.61,272.4,2.22,1,3,0,97.5644699140401
2025-01-14,Pulp_A,231.62,246.15,876.91,4.16,1,3,1,113.57956998532077
2025-01-14,Chemical_B,107.97,109.3,403.37,3.46,1,3,1,112.07835509863853
2025-01-14,Packaging_C,162.16,156.47,516.41,1.12,1,3,1,95.5371238283177
2025-01-14,Resin_D,71.71,76.76,315.35,5.77,1,3,1,131.92720680518758
2025-01-15,Pulp_A,229.76,211.94,888.09,5.64,1,3,2,115.95882660167132
2025-01-15,Chemical_B,115.21,123.75,357.97,5.27,1,3,2,93.2132627376096
2025-01-15,Packaging_C,140.41,148.29,521.72,2.58,1,3,2,111.47069297058614
2025-01-15,Resin_D,91.32,97.69,252.54,4.48,1,3,2,82.96320630749015
2025-01-16,Pulp_A,220.18,224.23,883.66,5.95,1,3,3,120.40058134253792
2025-01-16,Chemical_B,109.31,115.91,337.11,4.7,1,3,3,92.51944012441679
2025-01-16,Packaging_C,169.68,165.87,556.66,2.47,1,3,3,98.4193776520509
2025-01-16,Resin_D,96.16,101.81,291.68,5.57,1,3,3,90.99833610648919
2025-01-17,Pulp_A,241.5,253.02,954.82,4.25,1,3,4,118.6111801242236
2025-01-17,Chemical_B,123.08,130.76,368.21,2.69,1,3,4,89.74894377640558
2025-01-17,Packaging_C,142.18,143.96,551.9,1.18,1,3,4,116.45097763398508
2025-01-17,Resin_D,123.49,119.27,204.83,3.95,1,3,4,49.76030447809539
2025-01-18,Pulp_A,209.02,196.55,918.2,3.61,1,3,5,131.7864319203904
2025-01-18,Chemical_B,80.37,81.95,411.62,1.43,1,3,5,153.6468831653602
2025-01-18,Packaging_C,136.78,137.67,546.93,4.19,1,3,5,119.95832724082467
2025-01-18,Resin_D,40.72,42.64,338.94,2.35,1,3,5,249.71021611001964
2025-01-19,Pulp_A,204.54,189.0,892.59,5.81,1,3,6,130.916691111763
2025-01-19,Chemical_B,99.0,97.56,397.64,1.87,1,3,6,120.4969696969697
2025-01-19,Packaging_C,129.3,130.32,554.37,4.57,1,3,6,128.62412993039442
2025-01-19,Resin_D,52.51,56.33,345.43,4.69,1,3,6,197.35098076556847
2025-01-20,Pulp_A,266.58,263.15,859.23,2.24,1,4,0,96.69480081026335
2025-01-20,Chemical_B,128.75,118.75,328.55,1.58,1,4,0,76.55533980582524
2025-01-20,Packaging_C,161.41,160.74,557.96,1.49,1,4,0,103.70361191995539
2025-01-20,Resin_D,41.13,38.98,308.26,3.17,1,4,0,224.8431801604668
2025-01-21,Pulp_A,259.56,265.17,804.69,1.23,1,4,1,93.00624133148406
2025-01-21,Chemical_B,131.69,131.76,307.41,5.28,1,4,1,70.03037436403676
2025-01-21,Packaging_C,140.35,130.71,571.2,4.21,1,4,1,122.09476309226935
2025-01-21,Resin_D,91.12,97.54,274.25,3.88,1,4,1,90.29302019315188
2025-01-22,Pulp_A,259.18,257.45,809.87,3.73,1,4,2,93.74218689713713
2025-01-22,Chemical_B,108.12,116.1,381.59,5.53,1,4,2,105.87957824639288
2025-01-22,Packaging_C,159.61,148.66,524.82,2.59,1,4,2,98.64419522586304
2025-01-22,Resin_D,81.55,76.57,314.69,4.48,1,4,2,115.76578786020846
2025-01-23,Pulp_A,249.21,258.58,858.48,5.02,1,4,3,103.34416756951968
2025-01-23,Chemical_B,98.28,102.22,362.72,5.03,1,4,3,110.72039072039072
2025-01-23,Packaging_C,155.4,152.22,547.53,4.88,1,4,3,105.70077220077218
2025-01-23,Resin_D,98.92,104.59,271.03,3.14,1,4,3,82.19672462596036
2025-01-24,Pulp_A,248.41,232.64,871.93,5.51,1,4,4,105.30131637212672
2025-01-24,Chemical_B,130.61,126.85,344.91,5.48,1,4,4,79.22287726820305
2025-01-24,Packaging_C,160.89,172.49,535.85,3.87,1,4,4,99.91609173969795
2025-01-24,Resin_D,78.76,76.15,348.55,2.64,1,4,4,132.764093448451
2025-01-25,Pulp_A,235.72,246.71,884.08,4.95,1,4,5,112.51654505345326
2025-01-25,Chemical_B,93.16,86.57,359.41,3.75,1,4,5,115.7395878059253
2025-01-25,Packaging_C,152.97,149.32,543.35,1.59,1,4,5,106.56010982545597
2025-01-25,Resin_D,79.54,81.04,281.37,1.51,1,4,5,106.1239627860196
2025-01-26,Pulp_A,222.33,207.13,865.0,5.11,1,4,6,116.71839158008365
2025-01-26,Chemical_B,86.59,80.84,394.21,5.93,1,4,6,136.5781268044809
2025-01-26,Packaging_C,116.93,122.79,547.88,5.74,1,4,6,140.56615068844607
2025-01-26,Resin_D,62.88,65.67,306.78,3.79,1,4,6,146.36450381679387
2025-01-27,Pulp_A,249.83,234.29,846.17,3.46,1,5,0,101.60949445623022
2025-01-27,Chemical_B,111.69,103.76,356.1,1.59,1,5,0,95.64867042707495
2025-01-27,Packaging_C,161.81,168.18,517.51,3.92,1,5,0,95.9477164575737
2025-01-27,Resin_D,90.33,87.24,294.71,5.34,1,5,0,97.87778146795084
2025-01-28,Pulp_A,240.63,224.22,859.68,3.77,1,5,1,107.17865602792669
2025-01-28,Chemical_B,112.64,114.97,374.81,4.48,1,5,1,99.8251065340909
2025-01-28,Packaging_C,189.57,192.13,491.25,5.51,1,5,1,77.74173128659598
2025-01-28,Resin_D,125.12,120.66,229.67,1.94,1,5,1,55.067934782608695
2025-01-29,Pulp_A,205.72,208.47,881.14,1.39,1,5,2,128.49601399961114
2025-01-29,Chemical_B,117.7,114.11,404.2,5.07,1,5,2,103.02463891248938
2025-01-29,Packaging_C,144.1,153.57,568.2,5.11,1,5,2,118.29285218598199
2025-01-29,Resin_D,72.77,77.81,348.02,5.33,1,5,2,143.4739590490587
2025-01-30,Pulp_A,255.57,275.49,832.7,1.75,1,5,3,97.74621434440662
2025-01-30,Chemical_B,87.18,93.73,421.67,5.21,1,5,3,145.1032346868548
2025-01-30,Packaging_C,156.16,154.03,574.79,2.37,1,5,3,110.42328381147541
2025-01-30,Resin_D,92.95,96.95,283.22,5.72,1,5,3,91.41043571812803
2025-01-31,Pulp_A,231.42,229.59,884.15,1.65,1,5,4,114.61628208452166
2025-01-31,Chemical_B,114.98,109.99,372.88,4.36,1,5,4,97.28996347190815
2025-01-31,Packaging_C,135.16,126.8,596.78,4.36,1,5,4,132.4607872151524
2025-01-31,Resin_D,116.44,116.82,261.45,5.26,1,5,4,67.36087255238749
2025-02-01,Pulp_A,251.38,266.53,892.5,3.02,2,5,5,106.5120534648739
2025-02-01,Chemical_B,105.15,108.58,404.07,2.06,2,5,5,115.28388017118401
2025-02-01,Packaging_C,156.34,153.65,499.69,3.19,2,5,5,95.88525009594474
2025-02-01,Resin_D,71.43,71.59,321.51,4.92,2,5,5,135.0314993700126
2025-02-02,Pulp_A,245.19,259.4,820.31,5.75,2,5,6,100.36828581916065
2025-02-02,Chemical_B,70.21,69.75,403.4,5.9,2,5,6,172.3686084603333
2025-02-02,Packaging_C,109.75,112.09,588.02,2.2,2,5,6,160.73439635535308
2025-02-02,Resin_D,81.26,77.12,270.24,2.73,2,5,6,99.76864385921732
2025-02-03,Pulp_A,238.11,244.49,885.77,1.86,2,6,0,111.60010079375078
2025-02-03,Chemical_B,106.09,100.61,349.08,1.44,2,6,0,98.71241398812329
2025-02-03,Packaging_C,157.44,150.05,516.68,2.82,2,6,0,98.45274390243901
2025-02-03,Resin_D,123.52,114.41,252.36,5.0,2,6,0,61.29209844559587
2025-02-04,Pulp_A,228.84,242.52,876.51,5.6,2,6,1,114.9069218668065
2025-02-04,Chemical_B,112.65,118.17,356.83,4.74,2,6,1,95.02796271637816
2025-02-04,Packaging_C,151.38,148.24,534.23,3.42,2,6,1,105.87197780420135
2025-02-04,Resin_D,71.61,71.18,337.57,4.74,2,6,1,141.4201927105153
2025-02-05,Pulp_A,248.26,248.73,859.52,3.66,2,6,2,103.86530250543785
2025-02-05,Chemical_B,112.7,113.29,338.41,2.21,2,6,2,90.08251996450754
2025-02-05,Packaging_C,148.27,136.89,516.17,2.61,2,6,2,104.43852431375191
2025-02-05,Resin_D,84.92,79.75,263.04,5.45,2,6,2,92.9251059821008
2025-02-06,Pulp_A,265.2,277.47,856.84,3.49,2,6,3,96.92760180995475
2025-02-06,Chemical_B,116.06,117.67,337.41,4.73,2,6,3,87.21609512321213
2025-02-06,Packaging_C,144.34,139.34,550.91,2.82,2,6,3,114.50256339199112
2025-02-06,Resin_D,108.79,106.28,313.95,5.93,2,6,3,86.57505285412262
2025-02-07,Pulp_A,219.19,205.23,894.88,1.76,2,6,4,122.48004014781696
2025-02-07,Chemical_B,105.41,100.12,357.41,2.43,2,6,4,101.719950668817
2025-02-07,Packaging_C,160.9,158.59,518.33,5.91,2,6,4,96.64325668116844
2025-02-07,Resin_D,91.59,98.46,260.73,5.33,2,6,4,85.40124467736653
2025-02-08,Pulp_A,213.79,202.53,905.1,4.34,2,6,5,127.00781140371393
2025-02-08,Chemical_B,98.93,100.06,394.85,2.4,2,6,5,119.7361770949156
2025-02-08,Packaging_C,132.5,128.76,581.76,3.13,2,6,5,131.71924528301886
2025-02-08,Resin_D,53.03,49.76,323.17,4.05,2,6,5,182.82293041674524
2025-02-09,Pulp_A,232.29,219.44,826.17,3.41,2,6,6,106.6989538938396
2025-02-09,Chemical_B,87.93,85.63,388.25,1.67,2,6,6,132.4633230979188
2025-02-09,Packaging_C,157.8,151.61,527.77,4.41,2,6,6,100.33650190114066
2025-02-09,Resin_D,85.66,85.27,325.38,3.06,2,6,6,113.9551716086855
2025-02-10,Pulp_A,249.63,262.83,845.3,5.83,2,7,0,101.58634779473621
2025-02-10,Chemical_B,121.54,130.06,338.36,1.91,2,7,0,83.51818331413526
2025-02-10,Packaging_C,162.27,164.21,533.84,5.21,2,7,0,98.69476797929376
2025-02-10,Resin_D,101.04,96.21,263.67,1.82,2,7,0,78.28681710213776
2025-02-11,Pulp_A,247.15,253.68,842.33,3.62,2,7,1,102.24519522557152
2025-02-11,Chemical_B,129.3,127.07,337.55,5.08,2,7,1,78.31786542923433
2025-02-11,Packaging_C,130.66,129.88,544.14,2.51,2,7,1,124.93647635083423
2025-02-11,Resin_D,96.51,92.37,320.4,5.5,2,7,1,99.59589679825923
2025-02-12,Pulp_A,253.93,270.44,790.79,4.12,2,7,2,93.42614106249752
2025-02-12,Chemical_B,94.31,88.87,409.28,4.97,2,7,2,130.19192026296255
2025-02-12,Packaging_C,170.98,181.76,585.79,4.94,2,7,2,102.78219674815769
2025-02-12,Resin_D,89.6,85.99,264.16,4.72,2,7,2,88.44642857142858
2025-02-13,Pulp_A,242.81,253.01,845.24,5.38,2,7,3,104.43227214694616
2025-02-13,Chemical_B,132.3,124.06,329.95,5.23,2,7,3,74.81859410430839
2025-02-13,Packaging_C,157.69,165.19,517.84,1.75,2,7,3,98.51734415625596
2025-02-13,Resin_D,108.1,111.9,243.85,4.21,2,7,3,67.67345050878816
2025-02-14,Pulp_A,248.19,238.33,898.73,2.73,2,7,4,108.63411096337484
2025-02-14,Chemical_B,90.31,89.76,422.09,5.74,2,7,4,140.21370833794705
2025-02-14,Packaging_C,166.19,166.35,505.67,4.06,2,7,4,91.28166556351165
2025-02-14,Resin_D,98.63,101.73,294.51,5.61,2,7,4,89.58024941701308
2025-02-15,Pulp_A,212.38,214.97,899.41,4.03,2,7,5,127.04727375459082
2025-02-15,Chemical_B,123.13,131.69,339.09,5.63,2,7,5,82.61755867782018
2025-02-15,Packaging_C,129.39,139.43,567.47,5.19,2,7,5,131.57199165314168
2025-02-15,Resin_D,80.07,81.24,322.29,3.0,2,7,5,120.75309104533535
2025-02-16,Pulp_A,222.1,232.87,867.23,1.02,2,7,6,117.14047726249437
2025-02-16,Chemical_B,84.29,84.8,349.34,5.6,2,7,6,124.33503381184006
2025-02-16,Packaging_C,125.12,129.88,542.5,3.26,2,7,6,130.07512787723786
2025-02-16,Resin_D,75.58,71.24,261.84,1.88,2,7,6,103.93225721090234
2025-02-17,Pulp_A,202.26,215.68,896.39,2.81,2,8,0,132.9560961139128
2025-02-17,Chemical_B,145.44,134.11,357.72,4.32,2,8,0,73.7871287128713
2025-02-17,Packaging_C,158.68,148.15,513.66,5.98,2,8,0,97.11242752709856
2025-02-17,Resin_D,136.31,126.87,240.17,4.75,2,8,0,52.858190888416104
2025-02-18,Pulp_A,245.91,234.31,850.48,1.95,2,8,1,103.75503232890082
2025-02-18,Chemical_B,117.45,118.67,343.97,1.33,2,8,1,87.8595146871009
2025-02-18,Packaging_C,159.11,159.74,578.49,3.2,2,8,1,109.07359688265979
2025-02-18,Resin_D,116.63,110.2,206.53,1.91,2,8,1,53.12441052902341
2025-02-19,Pulp_A,222.05,227.17,858.5,3.04,2,8,2,115.98739022742625
2025-02-19,Chemical_B,132.2,122.2,374.59,2.11,2,8,2,85.0052950075643
2025-02-19,Packaging_C,173.99,160.62,497.78,1.52,2,8,2,85.82907063624346
2025-02-19,Resin_D,90.3,92.51,296.94,2.19,2,8,2,98.65116279069768
2025-02-20,Pulp_A,239.78,248.31,850.85,5.28,2,8,3,106.45383267995663
2025-02-20,Chemical_B,112.97,116.01,391.01,2.02,2,8,3,103.83553155705054
2025-02-20,Packaging_C,172.28,158.86,519.98,1.43,2,8,3,90.54678430462039
2025-02-20,Resin_D,103.28,101.98,240.44,5.46,2,8,3,69.84120836560805
2025-02-21,Pulp_A,235.77,226.69,890.46,2.9,2,8,4,113.30449166560632
2025-02-21,Chemical_B,95.26,97.15,394.89,3.05,2,8,4,124.3617467982364
2025-02-21,Packaging_C,132.38,128.02,610.03,5.74,2,8,4,138.24520320290074
2025-02-21,Resin_D,90.43,95.76,294.55,3.44,2,8,4,97.71646577463231
2025-02-22,Pulp_A,227.53,224.81,876.23,1.11,2,8,5,115.53157825341714
2025-02-22,Chemical_B,105.44,107.69,326.81,2.29,2,8,5,92.98463581183613
2025-02-22,Packaging_C,148.38,159.88,547.02,3.63,2,8,5,110.59846340477154
2025-02-22,Resin_D,72.72,67.12,282.82,5.57,2,8,5,116.67491749174917
2025-02-23,Pulp_A,228.96,220.69,846.58,3.77,2,8,6,110.92505241090146
2025-02-23,Chemical_B,116.46,110.99,370.35,1.05,2,8,6,95.40185471406492
2025-02-23,Packaging_C,149.87,152.28,574.7,4.33,2,8,6,115.03970107426437
2025-02-23,Resin_D,53.41,53.58,289.6,1.23,2,8,6,162.66616738438495
2025-02-24,Pulp_A,252.0,235.17,829.86,4.02,2,9,0,98.79285714285714
2025-02-24,Chemical_B,110.06,106.34,329.78,2.78,2,9,0,89.89096856260221
2025-02-24,Packaging_C,149.59,151.18,576.75,3.38,2,9,0,115.66615415468948
2025-02-24,Resin_D,106.63,110.6,272.99,2.07,2,9,0,76.80483916346245
2025-02-25,Pulp_A,235.79,235.66,867.26,3.98,2,9,1,110.34310191271895
2025-02-25,Chemical_B,136.67,128.07,320.75,1.38,2,9,1,70.40681934586962
2025-02-25,Packaging_C,163.9,168.85,580.37,3.17,2,9,1,106.23001830384379
2025-02-25,Resin_D,110.05,115.32,250.89,4.47,2,9,1,68.3934575193094
2025-02-26,Pulp_A,253.95,248.3,806.79,1.46,2,9,2,95.30891907855877
2025-02-26,Chemical_B,118.51,112.54,372.01,3.71,2,9,2,94.17179984811408
2025-02-26,Packaging_C,170.33,178.68,544.94,4.29,2,9,2,95.9795690718018
2025-02-26,Resin_D,112.13,107.64,274.35,3.45,2,9,2,73.40140907874789
2025-02-27,Pulp_A,251.26,238.42,853.94,3.84,2,9,3,101.95892700788029
2025-02-27,Chemical_B,103.6,110.63,397.73,5.86,2,9,3,115.17277992277994
2025-02-27,Packaging_C,164.22,173.73,552.82,5.22,2,9,3,100.99013518450859
2025-02-27,Resin_D,113.89,105.45,248.21,3.98,2,9,3,65.38150847308806
2025-02-28,Pulp_A,238.48,222.34,853.79,4.48,2,9,4,107.4039751761154
2025-02-28,Chemical_B,138.83,129.18,313.8,2.58,2,9,4,67.80955124972988
2025-02-28,Packaging_C,186.7,181.29,518.21,4.13,2,9,4,83.2688805570434
2025-02-28,Resin_D,104.0,99.56,293.24,1.12,2,9,4,84.58846153846154
2025-03-01,Pulp_A,228.41,244.46,898.23,4.99,3,9,5,117.97600805568933
2025-03-01,Chemical_B,94.42,94.11,415.82,4.14,3,9,5,132.11819529760643
2025-03-01,Packaging_C,140.49,138.72,595.84,4.69,3,9,5,127.23467862481314
2025-03-01,Resin_D,75.87,74.11,292.08,2.44,3,9,5,115.49228944246735
2025-03-02,Pulp_A,212.29,196.73,868.52,1.09,3,9,6,122.7358801639267
2025-03-02,Chemical_B,101.83,99.94,379.03,4.4,3,9,6,111.6655209663164
2025-03-02,Packaging_C,162.11,173.65,532.54,3.34,3,9,6,98.5516007649127
2025-03-02,Resin_D,65.51,70.66,319.05,2.16,3,9,6,146.10746450923523
2025-03-03,Pulp_A,248.01,252.29,864.3,3.56,3,10,0,104.54820370146365
2025-03-03,Chemical_B,110.95,105.99,350.77,1.93,3,10,0,94.84542586750788
2025-03-03,Packaging_C,155.96,144.92,573.77,5.85,3,10,0,110.36868427802
2025-03-03,Resin_D,121.83,125.65,238.91,1.77,3,10,0,58.830337355331196
2025-03-04,Pulp_A,237.4,226.91,878.43,3.68,3,10,1,111.00631844987363
2025-03-04,Chemical_B,143.89,134.49,376.0,5.39,3,10,1,78.39321704079505
2025-03-04,Packaging_C,156.49,166.22,533.82,5.78,3,10,1,102.33625151766886
2025-03-04,Resin_D,104.97,107.58,278.39,3.75,3,10,1,79.56273220920262
2025-03-05,Pulp_A,243.19,238.23,836.86,2.3,3,10,2,103.23533040009869
2025-03-05,Chemical_B,120.34,112.28,399.52,2.1,3,10,2,99.5978062157221
2025-03-05,Packaging_C,158.08,166.96,547.52,3.48,3,10,2,103.90688259109311
2025-03-05,Resin_D,138.74,145.95,222.98,2.74,3,10,2,48.215366873288154
2025-03-06,Pulp_A,256.22,246.67,889.95,5.39,3,10,3,104.20146748887673
2025-03-06,Chemical_B,129.85,137.14,372.87,5.34,3,10,3,86.1463226800154
2025-03-06,Packaging_C,178.3,183.93,534.38,4.4,3,10,3,89.9125070106562
2025-03-06,Resin_D,121.73,115.08,269.49,5.4,3,10,3,66.41501684054876
2025-03-07,Pulp_A,243.63,237.21,860.03,4.72,3,10,4,105.90198251446866
2025-03-07,Chemical_B,126.67,133.4,338.5,3.54,3,10,4,80.16894292255468
2025-03-07,Packaging_C,169.01,172.57,532.15,2.3,3,10,4,94.45890775693745
2025-03-07,Resin_D,110.82,115.78,318.26,1.53,3,10,4,86.15592853275582
2025-03-08,Pulp_A,232.02,249.21,907.41,2.71,3,10,5,117.32738557020946
2025-03-08,Chemical_B,112.4,105.25,367.26,5.69,3,10,5,98.02313167259786
2025-03-08,Packaging_C,141.59,137.08,563.27,4.54,3,10,5,119.34529274666289
2025-03-08,Resin_D,85.28,83.17,272.22,4.1,3,10,5,95.76219512195122
2025-03-09,Pulp_A,220.04,229.13,889.39,1.12,3,10,6,121.25840756226141
2025-03-09,Chemical_B,126.9,130.62,346.45,3.23,3,10,6,81.90307328605199
2025-03-09,Packaging_C,126.7,119.88,518.33,4.97,3,10,6,122.73007103393844
2025-03-09,Resin_D,68.1,63.55,324.61,4.4,3,10,6,143.0
2025-03-10,Pulp_A,227.35,243.75,894.47,1.76,3,11,0,118.02990983065759
2025-03-10,Chemical_B,131.3,129.62,341.22,4.19,3,11,0,77.96344249809596
2025-03-10,Packaging_C,143.67,154.79,539.03,3.05,3,11,0,112.55585717268741
2025-03-10,Resin_D,97.93,93.44,285.87,1.16,3,11,0,87.57377718778719
2025-03-11,Pulp_A,227.9,241.19,908.19,3.37,3,11,1,119.55111891180343
2025-03-11,Chemical_B,126.82,132.31,359.6,5.22,3,11,1,85.0654470903643
2025-03-11,Packaging_C,176.32,165.91,556.91,1.16,3,11,1,94.75555807622504
2025-03-11,Resin_D,104.62,109.59,288.1,3.41,3,11,1,82.61326706174728
2025-03-12,Pulp_A,236.65,225.31,908.37,3.46,3,11,2,115.15360236636383
2025-03-12,Chemical_B,123.72,119.15,334.26,4.99,3,11,2,81.05237633365665
2025-03-12,Packaging_C,160.1,147.59,492.66,1.36,3,11,2,92.316052467208
2025-03-12,Resin_D,95.01,96.53,219.39,2.46,3,11,2,69.27376065677296
2025-03-13,Pulp_A,258.7,270.28,851.94,1.2,3,11,3,98.79474294549672
2025-03-13,Chemical_B,107.41,102.97,366.4,5.93,3,11,3,102.33684014523787
2025-03-13,Packaging_C,166.86,170.01,504.18,4.51,3,11,3,90.64724919093851
2025-03-13,Resin_D,98.6,95.86,277.07,3.59,3,11,3,84.30121703853955
2025-03-14,Pulp_A,243.31,225.14,839.64,1.39,3,11,4,103.5271875385311
2025-03-14,Chemical_B,107.0,108.15,360.98,4.45,3,11,4,101.20934579439252
2025-03-14,Packaging_C,158.45,150.02,555.86,1.52,3,11,4,105.24329441464185
2025-03-14,Resin_D,123.01,113.79,275.1,5.68,3,11,4,67.09210633281847
2025-03-15,Pulp_A,230.02,237.71,853.81,5.35,3,11,5,111.35683853577949
2025-03-15,Chemical_B,117.55,114.53,373.33,5.07,3,11,5,95.27775414717141
2025-03-15,Packaging_C,168.89,167.6,536.05,4.22,3,11,5,95.21878145538517
2025-03-15,Resin_D,110.16,102.79,269.78,1.3,3,11,5,73.46949891067538
2025-03-16,Pulp_A,219.45,232.51,868.45,2.1,3,11,6,118.72180451127821
2025-03-16,Chemical_B,112.07,114.91,348.59,3.49,3,11,6,93.31400017845989
2025-03-16,Packaging_C,175.14,167.53,535.77,5.98,3,11,6,91.77286742034944
2025-03-16,Resin_D,84.79,80.72,293.21,4.4,3,11,6,103.74218657860595
2025-03-17,Pulp_A,243.45,257.8,814.83,4.64,3,12,0,100.41035120147875
2025-03-17,Chemical_B,115.07,112.23,399.28,2.86,3,12,0,104.0966368297558
2025-03-17,Packaging_C,170.68,169.01,555.5,4.63,3,12,0,97.63885633934848
2025-03-17,Resin_D,118.5,126.09,255.54,3.11,3,12,0,64.69367088607595
2025-03-18,Pulp_A,257.19,274.15,803.4,2.05,3,12,1,93.71281931645865
2025-03-18,Chemical_B,144.55,149.94,364.95,1.66,3,12,1,75.74195780006917
2025-03-18,Packaging_C,174.81,165.85,531.71,2.19,3,12,1,91.24935644413935
2025-03-18,Resin_D,102.02,97.89,302.3,5.35,3,12,1,88.89433444422663
2025-03-19,Pulp_A,259.06,253.22,769.73,3.96,3,12,2,89.13726549834016
2025-03-19,Chemical_B,117.05,125.84,329.96,2.29,3,12,2,84.56898761213156
2025-03-19,Packaging_C,148.06,154.54,580.96,1.65,3,12,2,117.71444009185466
2025-03-19,Resin_D,101.78,97.48,285.15,1.37,3,12,2,84.04892906268422
2025-03-20,Pulp_A,248.71,242.22,819.22,5.14,3,12,3,98.81629206706607
2025-03-20,Chemical_B,99.21,101.07,365.09,4.53,3,12,3,110.39915331115814
2025-03-20,Packaging_C,162.33,150.29,528.94,4.68,3,12,3,97.75272592866384
2025-03-20,Resin_D,97.73,103.11,329.19,5.03,3,12,3,101.05085439476107
2025-03-21,Pulp_A,263.08,250.7,842.89,1.56,3,12,4,96.1179109016269
2025-03-21,Chemical_B,121.55,122.16,352.52,5.68,3,12,4,87.00617030028793
2025-03-21,Packaging_C,178.62,173.36,519.37,3.54,3,12,4,87.23043332213638
2025-03-21,Resin_D,116.37,115.53,267.29,3.58,3,12,4,68.9069347770044
2025-03-22,Pulp_A,261.02,245.97,835.5,1.15,3,12,5,96.02712435828673
2025-03-22,Chemical_B,121.31,115.53,327.69,4.37,3,12,5,81.03783694666556
2025-03-22,Packaging_C,140.33,148.6,607.52,1.89,3,12,5,129.87671916197533
2025-03-22,Resin_D,97.74,104.69,289.65,4.42,3,12,5,88.90423572744014
2025-03-23,Pulp_A,265.8,281.49,832.76,3.85,3,12,6,93.99097065462753
2025-03-23,Chemical_B,121.33,115.81,383.35,4.29,3,12,6,94.78694469628287
2025-03-23,Packaging_C,174.25,163.28,497.09,4.29,3,12,6,85.58220946915351
2025-03-23,Resin_D,83.78,88.76,299.43,4.91,3,12,6,107.2201002625925
2025-03-24,Pulp_A,272.0,288.48,839.33,3.02,3,13,0,92.57316176470589
2025-03-24,Chemical_B,140.64,147.57,303.67,4.81,3,13,0,64.77602389078498
2025-03-24,Packaging_C,163.34,171.64,571.06,1.6,3,13,0,104.884290437125
2025-03-24,Resin_D,100.2,97.39,275.19,2.83,3,13,0,82.39221556886227
2025-03-25,Pulp_A,271.76,266.92,807.06,3.24,3,13,1,89.09258168972623
2025-03-25,Chemical_B,113.26,108.32,328.66,1.37,3,13,1,87.05456471834717
2025-03-25,Packaging_C,192.47,196.15,532.77,3.32,3,13,1,83.04203252454928
2025-03-25,Resin_D,117.57,117.93,249.31,3.4,3,13,1,63.615718295483546
2025-03-26,Pulp_A,227.04,229.95,831.82,3.67,3,13,2,109.91279069767442
2025-03-26,Chemical_B,143.65,150.84,345.45,4.59,3,13,2,72.14410024364776
2025-03-26,Packaging_C,179.27,171.91,527.76,5.64,3,13,2,88.31817928264628
2025-03-26,Resin_D,91.57,91.37,276.41,2.28,3,13,2,90.55695096647376
2025-03-27,Pulp_A,233.09,244.39,839.32,3.7,3,13,3,108.0252263074349
2025-03-27,Chemical_B,136.69,141.42,299.04,2.36,3,13,3,65.63172141341724
2025-03-27,Packaging_C,153.18,145.37,541.2,4.41,3,13,3,105.99294947121035
2025-03-27,Resin_D,104.5,107.99,237.15,1.53,3,13,3,68.08133971291866
2025-03-28,Pulp_A,224.05,240.65,886.96,3.42,3,13,4,118.76277616603437
2025-03-28,Chemical_B,126.31,117.08,382.8,4.17,3,13,4,90.91916712849338
2025-03-28,Packaging_C,169.78,178.45,543.8,5.42,3,13,4,96.089056425963
2025-03-28,Resin_D,92.42,94.06,266.01,3.06,3,13,4,86.34819303181129
2025-03-29,Pulp_A,211.31,220.8,871.37,2.37,3,13,5,123.70971558373952
2025-03-29,Chemical_B,100.54,103.24,405.65,1.48,3,13,5,121.04137656654066
2025-03-29,Packaging_C,137.44,139.34,616.19,1.84,3,13,5,134.50014551804426
2025-03-29,Resin_D,94.48,90.19,290.87,1.48,3,13,5,92.35922946655377
2025-03-30,Pulp_A,230.64,234.59,865.68,3.73,3,13,6,112.60145681581686
2025-03-30,Chemical_B,96.62,98.08,344.13,3.48,3,13,6,106.85054854067481
2025-03-30,Packaging_C,137.93,136.35,603.05,4.59,3,13,6,131.1643587326905
2025-03-30,Resin_D,93.52,90.14,322.19,1.4,3,13,6,103.3543627031651
2025-03-31,Pulp_A,239.27,228.81,835.36,2.77,3,14,0,104.73857984703473
2025-03-31,Chemical_B,123.51,114.96,332.24,5.0,3,14,0,80.69953849890697
2025-03-31,Packaging_C,171.5,181.93,489.6,4.25,3,14,0,85.64431486880467
2025-03-31,Resin_D,73.09,71.14,311.26,4.35,3,14,0,127.75755917362156
2025-04-01,Pulp_A,273.09,271.57,837.39,1.3,4,14,1,91.99055256508844
2025-04-01,Chemical_B,131.37,124.55,345.53,4.45,4,14,1,78.90614295501254
2025-04-01,Packaging_C,170.54,159.53,494.12,3.25,4,14,1,86.92154333294242
2025-04-01,Resin_D,91.97,94.39,313.94,4.98,4,14,1,102.40513210829619
2025-04-02,Pulp_A,231.61,249.86,860.48,5.64,4,14,2,111.45632744700143
2025-04-02,Chemical_B,141.19,141.67,337.35,4.12,4,14,2,71.68000566612366
2025-04-02,Packaging_C,170.88,160.7,521.39,5.13,4,14,2,91.53616573033707
2025-04-02,Resin_D,113.62,105.19,285.3,2.52,4,14,2,75.33004752684386
2025-04-03,Pulp_A,236.2,220.62,830.52,5.68,4,14,3,105.48518204911092
2025-04-03,Chemical_B,95.45,93.87,392.25,3.24,4,14,3,123.28444211629126
2025-04-03,Packaging_C,173.82,185.48,588.51,3.48,4,14,3,101.57231618916121
2025-04-03,Resin_D,104.22,102.23,268.31,5.39,4,14,3,77.23373632700059
2025-04-04,Pulp_A,251.99,263.68,856.05,2.52,4,14,4,101.91475852216357
2025-04-04,Chemical_B,120.35,114.07,335.75,4.47,4,14,4,83.69339426672207
2025-04-04,Packaging_C,168.4,172.2,531.37,5.11,4,14,4,94.66211401425178
2025-04-04,Resin_D,102.6,104.35,292.84,4.82,4,14,4,85.62573099415204
2025-04-05,Pulp_A,230.11,226.38,837.09,1.73,4,14,5,109.13345791143367
2025-04-05,Chemical_B,95.82,88.55,374.51,1.68,4,14,5,117.25422667501566
2025-04-05,Packaging_C,150.81,162.05,562.43,3.16,4,14,5,111.88183807439823
2025-04-05,Resin_D,85.93,85.09,239.69,1.53,4,14,5,83.68090306063074
2025-04-06,Pulp_A,211.79,215.84,903.21,4.25,4,14,6,127.93946834128147
2025-04-06,Chemical_B,101.73,94.54,410.54,5.97,4,14,6,121.06753170156297
2025-04-06,Packaging_C,152.16,163.94,539.41,2.2,4,14,6,106.35055205047318
2025-04-06,Resin_D,75.73,78.06,291.71,1.31,4,14,6,115.55922355737488
2025-04-07,Pulp_A,250.31,262.89,849.77,4.08,4,15,0,101.84611082257999
2025-04-07,Chemical_B,137.15,137.74,300.73,3.13,4,15,0,65.7812613926358
2025-04-07,Packaging_C,147.4,144.28,546.98,3.07,4,15,0,111.325644504749
2025-04-07,Resin_D,111.02,115.81,282.95,1.06,4,15,0,76.45919654116376
2025-04-08,Pulp_A,239.22,220.81,796.01,2.3,4,15,1,99.82568347128166
2025-04-08,Chemical_B,114.67,115.32,370.12,2.08,4,15,1,96.83090607831167
2025-04-08,Packaging_C,167.64,157.17,546.85,3.74,4,15,1,97.861488904796
2025-04-08,Resin_D,120.81,113.04,250.22,3.44,4,15,1,62.135584802582564
2025-04-09,Pulp_A,241.17,250.33,836.71,3.38,4,15,2,104.08135340216445
2025-04-09,Chemical_B,102.24,101.58,332.42,4.93,4,15,2,97.54107981220658
2025-04-09,Packaging_C,157.79,162.54,568.21,3.19,4,15,2,108.03156093542052
2025-04-09,Resin_D,112.99,104.65,249.81,5.51,4,15,2,66.32710859368086
2025-04-10,Pulp_A,280.13,287.28,804.72,5.48,4,15,3,86.17998786277799
2025-04-10,Chemical_B,142.3,132.43,371.74,3.59,4,15,3,78.37104708362614
2025-04-10,Packaging_C,174.67,175.01,508.38,4.4,4,15,3,87.31550924600676
2025-04-10,Resin_D,97.29,90.62,282.32,1.06,4,15,3,87.05519580635213
2025-04-11,Pulp_A,227.51,222.04,848.2,4.87,4,15,4,111.84563315898203
2025-04-11,Chemical_B,107.02,101.44,381.4,1.49,4,15,4,106.91459540272847
2025-04-11,Packaging_C,185.5,178.53,532.47,1.1,4,15,4,86.11374663072776
2025-04-11,Resin_D,117.66,120.01,238.42,2.91,4,15,4,60.790413054564
2025-04-12,Pulp_A,224.82,228.96,868.91,4.87,4,15,5,115.94742460635175
2025-04-12,Chemical_B,111.5,103.33,417.63,5.84,4,15,5,112.36681614349776
2025-04-12,Packaging_C,140.01,150.76,583.19,4.01,4,15,5,124.96035997428757
2025-04-12,Resin_D,107.59,112.95,280.11,4.28,4,15,5,78.10484245747746
2025-04-13,Pulp_A,224.12,239.47,854.9,2.12,4,15,6,114.43423166160984
2025-04-13,Chemical_B,88.92,88.06,336.92,4.06,4,15,6,113.67071524966262
2025-04-13,Packaging_C,146.27,155.33,546.81,4.23,4,15,6,112.15081698229301
2025-04-13,Resin_D,97.5,103.14,262.92,5.23,4,15,6,80.89846153846155
2025-04-14,Pulp_A,245.01,255.01,862.05,3.3,4,16,0,105.55283457818048
2025-04-14,Chemical_B,129.88,135.63,363.49,4.28,4,16,0,83.95980905451185
2025-04-14,Packaging_C,170.24,183.44,497.34,5.69,4,16,0,87.64215225563909
2025-04-14,Resin_D,108.52,114.03,250.2,2.07,4,16,0,69.16697382970881
2025-04-15,Pulp_A,266.02,275.93,834.52,3.71,4,16,1,94.11172092323886
2025-04-15,Chemical_B,126.05,121.97,413.99,3.83,4,16,1,98.52994843316145
2025-04-15,Packaging_C,178.74,182.64,530.79,4.81,4,16,1,89.08862034239677
2025-04-15,Resin_D,100.37,92.49,244.03,2.23,4,16,1,72.93912523662449
2025-04-16,Pulp_A,244.22,255.95,834.51,2.02,4,16,2,102.51126033903857
2025-04-16,Chemical_B,147.41,150.14,337.46,1.94,4,16,2,68.67783732446917
2025-04-16,Packaging_C,185.31,186.92,499.45,1.03,4,16,2,80.85640278452323
2025-04-16,Resin_D,90.59,97.22,300.62,2.84,4,16,2,99.55403466166244
2025-04-17,Pulp_A,233.96,226.68,855.11,5.38,4,16,3,109.64823046674645
2025-04-17,Chemical_B,148.17,157.33,316.84,3.97,4,16,3,64.15063778092733
2025-04-17,Packaging_C,145.99,150.56,509.99,1.02,4,16,3,104.79964381121995
2025-04-17,Resin_D,79.38,83.12,327.18,1.46,4,16,3,123.65079365079366
2025-04-18,Pulp_A,238.9,244.34,925.06,1.32,4,16,4,116.1649225617413
2025-04-18,Chemical_B,145.31,146.72,379.85,4.02,4,16,4,78.42199435689217
2025-04-18,Packaging_C,182.54,175.81,532.28,5.13,4,16,4,87.47890873233264
2025-04-18,Resin_D,89.9,83.55,285.01,2.67,4,16,4,95.10901001112346
2025-04-19,Pulp_A,239.52,250.58,884.36,3.59,4,16,5,110.76653306613227
2025-04-19,Chemical_B,86.95,84.56,383.21,3.17,4,16,5,132.21736630247267
2025-04-19,Packaging_C,147.83,150.16,549.12,4.68,4,16,5,111.43610904417235
2025-04-19,Resin_D,68.71,70.21,352.64,4.93,4,16,5,153.9688546063164
2025-04-20,Pulp_A,225.57,237.83,850.44,2.92,4,16,6,113.1054661524139
2025-04-20,Chemical_B,132.24,125.56,381.35,2.81,4,16,6,86.51315789473684
2025-04-20,Packaging_C,151.08,146.22,504.71,5.7,4,16,6,100.22041302621126
2025-04-20,Resin_D,76.98,81.57,258.16,5.21,4,16,6,100.60795011691349
2025-04-21,Pulp_A,254.56,252.86,832.12,3.41,4,17,0,98.0656819610308
2025-04-21,Chemical_B,121.44,120.22,397.86,4.65,4,17,0,98.28557312252964
2025-04-21,Packaging_C,157.82,160.61,553.9,1.68,4,17,0,105.29083766316056
2025-04-21,Resin_D,113.35,121.63,292.33,1.34,4,17,0,77.37009263343626
2025-04-22,Pulp_A,245.24,235.89,849.67,2.23,4,17,1,103.93940629587343
2025-04-22,Chemical_B,118.34,114.02,365.84,4.8,4,17,1,92.74294405948959
2025-04-22,Packaging_C,189.13,175.98,504.09,3.44,4,17,1,79.95928726272933
2025-04-22,Resin_D,65.37,63.78,331.73,5.5,4,17,1,152.23955943093162
2025-04-23,Pulp_A,247.62,264.93,865.28,1.26,4,17,2,104.83159680155076
2025-04-23,Chemical_B,98.18,101.8,363.6,5.91,4,17,2,111.10205744550825
2025-04-23,Packaging_C,178.53,169.9,490.11,3.83,4,17,2,82.35758696017477
2025-04-23,Resin_D,108.61,110.5,265.5,2.75,4,17,2,73.33578860141792
2025-04-24,Pulp_A,235.47,248.68,844.28,3.81,4,17,3,107.56529494203083
2025-04-24,Chemical_B,106.25,112.37,370.29,4.61,4,17,3,104.55247058823531
2025-04-24,Packaging_C,169.13,170.31,521.69,1.41,4,17,3,92.53651037663337
2025-04-24,Resin_D,85.4,80.84,216.56,5.73,4,17,3,76.07494145199064
2025-04-25,Pulp_A,252.9,251.37,869.7,3.06,4,17,4,103.16725978647688
2025-04-25,Chemical_B,130.64,121.49,395.8,3.56,4,17,4,90.89099816289041
2025-04-25,Packaging_C,163.61,151.88,570.76,4.93,4,17,4,104.65619460913146
2025-04-25,Resin_D,91.66,86.74,263.36,2.65,4,17,4,86.19681431376829
2025-04-26,Pulp_A,230.05,219.19,910.56,5.39,4,17,5,118.74288198217778
2025-04-26,Chemical_B,98.83,106.5,337.09,4.86,4,17,5,102.32419305878781
2025-04-26,Packaging_C,161.46,162.46,536.6,3.49,4,17,5,99.702712746191
2025-04-26,Resin_D,87.69,92.21,268.51,2.9,4,17,5,91.86110160793704
2025-04-27,Pulp_A,229.77,221.94,834.28,4.96,4,17,6,108.92805849327587
2025-04-27,Chemical_B,131.17,137.42,370.83,2.98,4,17,6,84.81283830144089
2025-04-27,Packaging_C,149.08,140.93,572.23,4.48,4,17,6,115.15226723906626
2025-04-27,Resin_D,73.41,77.61,327.34,5.53,4,17,6,133.77196567225172
2025-04-28,Pulp_A,240.9,228.72,849.01,5.47,4,18,0,105.72976338729764
2025-04-28,Chemical_B,106.59,105.57,379.0,4.08,4,18,0,106.67041936391782
2025-04-28,Packaging_C,166.28,178.71,569.03,3.09,4,18,0,102.66357950445033
2025-04-28,Resin_D,84.98,90.17,300.73,3.14,4,18,0,106.16497999529301
2025-04-29,Pulp_A,263.57,272.82,901.17,5.45,4,18,1,102.57275107182153
2025-04-29,Chemical_B,123.68,117.49,342.49,5.29,4,18,1,83.07487063389392
2025-04-29,Packaging_C,168.29,173.95,564.65,2.57,4,18,1,100.65660467050924
2025-04-29,Resin_D,120.52,119.73,251.53,2.79,4,18,1,62.61118486558248
2025-04-30,Pulp_A,265.06,258.07,834.37,1.87,4,18,2,94.43559948690863
2025-04-30,Chemical_B,133.21,124.7,355.46,2.2,4,18,2,80.0525486074619
2025-04-30,Packaging_C,159.72,158.46,517.22,4.74,4,18,2,97.14876033057853
2025-04-30,Resin_D,118.86,116.05,294.18,5.21,4,18,2,74.25037859666834
2025-05-01,Pulp_A,251.49,256.89,847.91,1.63,5,18,3,101.14636764881305
2025-05-01,Chemical_B,102.75,105.81,401.94,1.35,5,18,3,117.35474452554745
2025-05-01,Packaging_C,169.68,162.28,523.84,5.19,5,18,3,92.61669024045261
2025-05-01,Resin_D,113.5,117.03,227.85,3.56,5,18,3,60.22466960352423
2025-05-02,Pulp_A,230.26,213.06,852.8,2.52,5,18,4,111.10918092590984
2025-05-02,Chemical_B,127.97,135.57,351.52,4.83,5,18,4,82.406814097054
2025-05-02,Packaging_C,174.78,168.08,552.96,5.54,5,18,4,94.91246138002062
2025-05-02,Resin_D,110.35,103.48,312.15,3.24,5,18,4,84.86180335296783
2025-05-03,Pulp_A,243.69,245.51,853.3,2.9,5,18,5,105.04739628216177
2025-05-03,Chemical_B,94.06,97.67,378.68,5.59,5,18,5,120.77822666383159
2025-05-03,Packaging_C,157.73,152.48,531.38,5.55,5,18,5,101.06764724529259
2025-05-03,Resin_D,93.17,85.98,297.22,5.81,5,18,5,95.70247933884299
2025-05-04,Pulp_A,212.87,224.09,914.28,2.41,5,18,6,128.85047211913374
2025-05-04,Chemical_B,107.41,100.48,413.54,2.21,5,18,6,115.5032119914347
2025-05-04,Packaging_C,146.61,141.95,545.81,3.99,5,18,6,111.68610599549824
2025-05-04,Resin_D,66.1,68.67,282.21,1.24,5,18,6,128.08320726172465
2025-05-05,Pulp_A,258.97,275.23,883.79,1.93,5,19,0,102.38135691392824
2025-05-05,Chemical_B,118.15,123.72,352.63,1.17,5,19,0,89.53787558188743
2025-05-05,Packaging_C,165.77,154.2,563.28,5.16,5,19,0,101.93883091029738
2025-05-05,Resin_D,85.81,80.23,295.15,5.55,5,19,0,103.18727421046496
2025-05-06,Pulp_A,259.16,274.87,853.37,3.86,5,19,1,98.78492051242475
2025-05-06,Chemical_B,78.98,76.67,412.97,3.17,5,19,1,156.86376297796912
2025-05-06,Packaging_C,172.2,183.01,562.15,3.22,5,19,1,97.93554006968643
2025-05-06,Resin_D,123.71,125.53,284.16,4.51,5,19,1,68.9095465200873
2025-05-07,Pulp_A,245.46,229.92,814.49,2.92,5,19,2,99.54656563187484
2025-05-07,Chemical_B,151.89,162.84,318.71,4.0,5,19,2,62.948844558562115
2025-05-07,Packaging_C,164.98,168.52,577.39,1.35,5,19,2,104.9927263910777
2025-05-07,Resin_D,88.19,87.81,253.81,1.23,5,19,2,86.33972105680917
2025-05-08,Pulp_A,237.69,255.62,845.0,2.66,5,19,3,106.65152088855231
2025-05-08,Chemical_B,98.03,99.77,374.89,2.4,5,19,3,114.72712434968888
2025-05-08,Packaging_C,165.37,152.28,498.2,1.04,5,19,3,90.37914978532986
2025-05-08,Resin_D,94.49,99.07,261.7,3.86,5,19,3,83.08815747698169
2025-05-09,Pulp_A,215.8,230.7,887.08,2.99,5,19,4,123.3197405004634
2025-05-09,Chemical_B,122.12,114.58,334.08,2.73,5,19,4,82.07009498853586
2025-05-09,Packaging_C,180.06,179.88,520.47,4.51,5,19,4,86.71609463512164
2025-05-09,Resin_D,88.3,87.19,248.86,3.06,5,19,4,84.55039637599094
2025-05-10,Pulp_A,229.72,233.69,883.0,2.55,5,19,5,115.31429566428696
2025-05-10,Chemical_B,93.47,89.84,385.2,1.3,5,19,5,123.63325131058093
2025-05-10,Packaging_C,169.9,159.42,552.52,2.92,5,19,5,97.56091818716892
2025-05-10,Resin_D,48.44,45.5,308.59,3.09,5,19,5,191.11684558216348
2025-05-11,Pulp_A,223.53,208.51,878.39,2.77,5,19,6,117.88887397664743
2025-05-11,Chemical_B,103.03,105.97,383.02,2.81,5,19,6,111.52673978452877
2025-05-11,Packaging_C,144.02,147.15,556.45,5.57,5,19,6,115.91098458547424
2025-05-11,Resin_D,94.79,98.19,287.38,1.6,5,19,6,90.95263213419136
2025-05-12,Pulp_A,226.12,208.46,876.59,3.11,5,20,0,116.2997523438882
2025-05-12,Chemical_B,116.35,117.79,311.6,1.22,5,20,0,80.34379028792438
2025-05-12,Packaging_C,165.68,161.52,508.63,4.65,5,20,0,92.09862385321101
2025-05-12,Resin_D,112.82,116.29,272.86,3.15,5,20,0,72.55628434674703
2025-05-13,Pulp_A,225.15,218.17,897.83,4.94,5,20,1,119.6309127248501
2025-05-13,Chemical_B,138.94,146.11,329.81,5.29,5,20,1,71.21275370663597
2025-05-13,Packaging_C,161.04,156.37,559.23,3.91,5,20,1,104.17846497764532
2025-05-13,Resin_D,117.62,121.49,215.82,4.44,5,20,1,55.04676075497364
2025-05-14,Pulp_A,226.46,223.94,863.27,1.71,5,20,2,114.36059348229267
2025-05-14,Chemical_B,113.2,106.95,381.29,1.13,5,20,2,101.04858657243817
2025-05-14,Packaging_C,182.48,177.83,552.41,1.36,5,20,2,90.8170758439281
2025-05-14,Resin_D,72.57,74.63,282.28,4.03,5,20,2,116.69284828441505
2025-05-15,Pulp_A,224.08,241.57,861.11,3.27,5,20,3,115.28605855051767
2025-05-15,Chemical_B,105.45,105.2,380.15,1.14,5,20,3,108.15078236130867
2025-05-15,Packaging_C,170.79,167.62,529.38,1.19,5,20,3,92.98787985245038
2025-05-15,Resin_D,96.27,91.03,269.48,1.12,5,20,3,83.97631660953569
2025-05-16,Pulp_A,238.47,230.43,901.49,5.5,5,20,4,113.40923386589509
2025-05-16,Chemical_B,127.81,129.91,338.85,5.13,5,20,4,79.53603004459745
2025-05-16,Packaging_C,160.74,157.8,550.45,2.7,5,20,4,102.73422918999627
2025-05-16,Resin_D,79.44,80.13,299.13,3.71,5,20,4,112.96450151057401
2025-05-17,Pulp_A,233.68,231.46,878.84,2.51,5,20,5,112.82608695652173
2025-05-17,Chemical_B,87.29,81.12,372.18,2.71,5,20,5,127.91155917058082
2025-05-17,Packaging_C,114.42,115.9,604.28,1.7,5,20,5,158.43733613004719
2025-05-17,Resin_D,110.22,110.03,241.79,3.01,5,20,5,65.81110506260207
2025-05-18,Pulp_A,240.38,245.02,908.58,2.01,5,20,6,113.392961144854
2025-05-18,Chemical_B,91.89,91.53,380.47,3.72,5,20,6,124.21482206986614
2025-05-18,Packaging_C,147.67,148.46,564.02,5.35,5,20,6,114.58386943861314
2025-05-18,Resin_D,83.49,78.47,281.72,4.97,5,20,6,101.22888968738772
2025-05-19,Pulp_A,250.94,268.77,839.82,1.74,5,21,0,100.40089264365984
2025-05-19,Chemical_B,122.27,121.95,352.0,5.32,5,21,0,86.36623865216325
2025-05-19,Packaging_C,135.02,130.39,596.53,2.02,5,21,0,132.54258628351354
2025-05-19,Resin_D,87.68,87.84,321.68,3.46,5,21,0,110.06386861313868
2025-05-20,Pulp_A,257.2,276.99,848.38,3.04,5,21,1,98.95567651632972
2025-05-20,Chemical_B,124.18,125.64,366.95,5.78,5,21,1,88.64954098888708
2025-05-20,Packaging_C,158.4,167.37,537.82,3.2,5,21,1,101.85984848484848
2025-05-20,Resin_D,105.26,107.4,196.23,5.63,5,21,1,55.927227816834495
2025-05-21,Pulp_A,240.82,248.06,849.46,4.61,5,21,2,105.82094510422723
2025-05-21,Chemical_B,104.51,101.16,380.67,2.79,5,21,2,109.27279686154435
2025-05-21,Packaging_C,151.7,144.68,569.86,5.79,5,21,2,112.69479235332894
2025-05-21,Resin_D,110.4,106.77,277.43,1.07,5,21,2,75.38858695652173
2025-05-22,Pulp_A,251.72,261.4,861.19,1.71,5,21,3,102.63665978070874
2025-05-22,Chemical_B,127.85,131.09,366.01,4.83,5,21,3,85.88423934298005
2025-05-22,Packaging_C,166.11,155.18,560.64,3.44,5,21,3,101.25338631027631
2025-05-22,Resin_D,93.4,92.01,262.98,1.33,5,21,3,84.46895074946467
2025-05-23,Pulp_A,228.69,239.97,863.61,5.74,5,21,4,113.29004329004329
2025-05-23,Chemical_B,87.17,81.27,393.16,3.5,5,21,4,135.30801881381208
2025-05-23,Packaging_C,170.46,158.2,552.98,1.36,5,21,4,97.32136571629708
2025-05-23,Resin_D,71.46,68.4,284.47,2.41,5,21,4,119.42485306465159
2025-05-24,Pulp_A,234.75,228.04,860.41,3.38,5,21,5,109.95654952076677
2025-05-24,Chemical_B,106.84,115.02,337.18,4.02,5,21,5,94.67802321228005
2025-05-24,Packaging_C,162.72,152.9,504.56,5.44,5,21,5,93.023598820059
2025-05-24,Resin_D,32.01,32.45,347.58,4.12,5,21,5,325.75445173383315
2025-05-25,Pulp_A,225.18,215.88,862.53,4.57,5,21,6,114.91207034372502
2025-05-25,Chemical_B,104.18,105.05,383.46,3.6,5,21,6,110.4223459397197
2025-05-25,Packaging_C,147.92,142.51,539.36,3.48,5,21,6,109.38885884261764
2025-05-25,Resin_D,66.61,67.99,298.16,1.27,5,21,6,134.28614322173848
2025-05-26,Pulp_A,227.42,209.23,900.61,3.56,5,22,0,118.8035353091197
2025-05-26,Chemical_B,109.84,115.8,369.04,1.02,5,22,0,100.79388201019665
2025-05-26,Packaging_C,172.13,167.07,506.19,1.51,5,22,0,88.22227386277814
2025-05-26,Resin_D,74.57,78.66,279.95,2.57,5,22,0,112.62572079924904
2025-05-27,Pulp_A,243.41,240.84,861.43,5.55,5,22,1,106.17024773016719
2025-05-27,Chemical_B,120.33,112.42,352.09,4.44,5,22,1,87.78110196958363
2025-05-27,Packaging_C,122.89,125.5,573.75,4.52,5,22,1,140.06428513304581
2025-05-27,Resin_D,108.96,117.08,296.95,4.81,5,22,1,81.75936123348018
2025-05-28,Pulp_A,240.52,232.75,864.41,1.53,5,22,2,107.81764510227839
2025-05-28,Chemical_B,123.43,114.51,381.67,2.8,5,22,2,92.76594020902536
2025-05-28,Packaging_C,159.2,157.49,555.83,3.29,5,22,2,104.74183417085428
2025-05-28,Resin_D,85.93,84.14,258.55,1.26,5,22,2,90.26533224717792
2025-05-29,Pulp_A,232.11,244.07,904.21,5.25,5,22,3,116.86829520485976
2025-05-29,Chemical_B,123.24,122.69,323.29,5.4,5,22,3,78.69766309639729
2025-05-29,Packaging_C,168.96,171.87,504.24,2.48,5,22,3,89.53124999999999
2025-05-29,Resin_D,99.55,103.35,252.9,2.58,5,22,3,76.21295831240583
2025-05-30,Pulp_A,220.77,228.3,920.29,2.0,5,22,4,125.05639353172985
2025-05-30,Chemical_B,108.69,106.39,381.39,1.29,5,22,4,105.26911399392769
2025-05-30,Packaging_C,159.23,153.31,515.72,5.18,5,22,4,97.16510707781198
2025-05-30,Resin_D,90.19,90.08,259.96,3.02,5,22,4,86.47078390065417
2025-05-31,Pulp_A,256.51,236.4,863.1,3.32,5,22,5,100.94343300456124
2025-05-31,Chemical_B,95.66,98.38,393.02,2.56,5,22,5,123.25527911352707
2025-05-31,Packaging_C,151.05,151.57,566.9,5.88,5,22,5,112.59185700099304
2025-05-31,Resin_D,85.41,80.22,304.38,2.33,5,22,5,106.91253951527924
2025-06-01,Pulp_A,221.55,216.17,917.17,2.86,6,22,6,124.1936357481381
2025-06-01,Chemical_B,97.5,102.91,378.78,1.12,6,22,6,116.5476923076923
2025-06-01,Packaging_C,142.62,149.02,563.47,3.29,6,22,6,118.52545225073622
2025-06-01,Resin_D,51.01,47.47,303.28,2.14,6,22,6,178.36502646539893
2025-06-02,Pulp_A,236.18,245.53,822.74,3.37,6,23,0,104.50588534168854
2025-06-02,Chemical_B,113.04,121.41,367.73,1.38,6,23,0,97.59288747346072
2025-06-02,Packaging_C,138.82,132.07,545.77,1.7,6,23,0,117.94482063103298
2025-06-02,Resin_D,111.95,113.35,276.99,1.73,6,23,0,74.2268870031264
2025-06-03,Pulp_A,244.9,240.51,883.61,4.37,6,23,1,108.24132298897509
2025-06-03,Chemical_B,100.26,106.96,343.3,2.45,6,23,1,102.72292040694195
2025-06-03,Packaging_C,172.23,177.96,525.87,1.31,6,23,1,91.59902456018116
2025-06-03,Resin_D,79.9,75.22,347.34,5.79,6,23,1,130.41551939924904
2025-06-04,Pulp_A,213.0,213.02,891.62,4.4,6,23,2,125.58028169014085
2025-06-04,Chemical_B,109.27,114.63,356.8,3.3,6,23,2,97.9591836734694
2025-06-04,Packaging_C,123.94,114.9,614.4,1.83,6,23,2,148.71712118767147
2025-06-04,Resin_D,70.76,65.66,297.57,5.22,6,23,2,126.16026003391747
2025-06-05,Pulp_A,230.37,247.35,884.34,1.98,6,23,3,115.16343273863784
2025-06-05,Chemical_B,87.84,86.95,398.72,3.97,6,23,3,136.17486338797815
2025-06-05,Packaging_C,159.66,171.95,523.79,1.95,6,23,3,98.41976700488537
2025-06-05,Resin_D,98.2,102.24,277.28,1.81,6,23,3,84.70875763747453
2025-06-06,Pulp_A,263.57,252.91,831.66,4.2,6,23,4,94.66100087263347
2025-06-06,Chemical_B,97.15,98.17,389.66,4.86,6,23,4,120.32732887287699
2025-06-06,Packaging_C,151.8,139.88,548.18,2.79,6,23,4,108.33596837944663
2025-06-06,Resin_D,72.74,70.67,317.37,5.24,6,23,4,130.8922188616992
2025-06-07,Pulp_A,211.14,208.73,895.51,1.15,6,23,5,127.23927252060246
2025-06-07,Chemical_B,124.68,117.07,344.14,2.44,6,23,5,82.80558229066409
2025-06-07,Packaging_C,149.35,161.14,546.12,1.22,6,23,5,109.69936391027787
2025-06-07,Resin_D,63.45,62.35,344.59,4.77,6,23,5,162.92671394799052
2025-06-08,Pulp_A,189.87,198.61,935.31,2.26,6,23,6,147.78164006952125
2025-06-08,Chemical_B,63.32,64.91,433.99,2.2,6,23,6,205.61749842072018
2025-06-08,Packaging_C,138.09,131.92,538.07,1.19,6,23,6,116.89550293286989
2025-06-08,Resin_D,66.77,71.58,325.39,3.91,6,23,6,146.19889171783734
2025-06-09,Pulp_A,265.2,265.91,795.69,4.79,6,24,0,90.01018099547512
2025-06-09,Chemical_B,97.07,103.19,344.67,5.73,6,24,0,106.52209745544454
2025-06-09,Packaging_C,152.72,159.57,570.32,3.38,6,24,0,112.03247773703511
2025-06-09,Resin_D,68.79,69.79,305.91,1.93,6,24,0,133.41037941561274
2025-06-10,Pulp_A,248.54,236.89,840.94,1.36,6,24,1,101.50559266114108
2025-06-10,Chemical_B,71.17,74.71,408.8,5.18,6,24,1,172.31979766755657
2025-06-10,Packaging_C,173.77,181.31,499.45,4.27,6,24,1,86.22604592277148
2025-06-10,Resin_D,63.56,62.8,319.44,1.19,6,24,1,150.7740717432347
2025-06-11,Pulp_A,240.13,220.92,847.69,3.08,6,24,2,105.90388539541082
2025-06-11,Chemical_B,99.78,107.33,376.08,2.13,6,24,2,113.07276007215874
2025-06-11,Packaging_C,138.6,132.63,534.25,1.01,6,24,2,115.63852813852813
2025-06-11,Resin_D,100.1,103.98,246.18,5.24,6,24,2,73.78021978021978
2025-06-12,Pulp_A,208.7,202.87,874.36,4.56,6,24,3,125.68663152850984
2025-06-12,Chemical_B,102.62,100.5,383.93,5.51,6,24,3,112.23835509647242
2025-06-12,Packaging_C,145.63,147.74,589.93,4.31,6,24,3,121.5264711941221
2025-06-12,Resin_D,90.87,93.91,263.93,1.84,6,24,3,87.1343677781446
2025-06-13,Pulp_A,240.54,257.94,894.5,1.21,6,24,4,111.5614866550262
2025-06-13,Chemical_B,119.02,115.14,318.4,4.57,6,24,4,80.25541925726768
2025-06-13,Packaging_C,148.5,148.83,557.75,3.54,6,24,4,112.67676767676767
2025-06-13,Resin_D,98.36,103.52,272.06,4.49,6,24,4,82.97885319235462
2025-06-14,Pulp_A,211.12,225.35,933.76,4.47,6,24,5,132.68662372110649
2025-06-14,Chemical_B,100.92,97.27,384.62,5.04,6,24,5,114.33412604042806
2025-06-14,Packaging_C,127.56,124.2,544.94,5.89,6,24,5,128.16086547507058
2025-06-14,Resin_D,77.53,80.34,316.95,3.81,6,24,5,122.64284792983361
2025-06-15,Pulp_A,215.52,211.4,901.2,1.82,6,24,6,125.44543429844099
2025-06-15,Chemical_B,101.04,99.17,395.19,1.13,6,24,6,117.33669833729215
2025-06-15,Packaging_C,112.84,116.54,578.24,5.09,6,24,6,153.73271889400922
2025-06-15,Resin_D,78.11,72.51,298.13,3.52,6,24,6,114.50390474971194
2025-06-16,Pulp_A,243.76,231.25,866.77,5.0,6,25,0,106.6750082047916
2025-06-16,Chemical_B,75.97,71.5,426.46,5.33,6,25,0,168.40594971699355
2025-06-16,Packaging_C,146.09,141.18,532.34,5.36,6,25,0,109.31754397973853
2025-06-16,Resin_D,104.17,100.01,286.25,4.12,6,25,0,82.43736200441586
2025-06-17,Pulp_A,251.12,267.44,855.41,1.06,6,25,1,102.19138260592545
2025-06-17,Chemical_B,102.4,103.2,376.18,2.44,6,25,1,110.208984375
2025-06-17,Packaging_C,137.5,140.17,528.68,2.67,6,25,1,115.34836363636363
2025-06-17,Resin_D,78.5,73.08,334.84,4.92,6,25,1,127.96433121019108
2025-06-18,Pulp_A,224.57,231.23,832.75,2.66,6,25,2,111.24593667898651
2025-06-18,Chemical_B,105.27,112.75,356.03,4.21,6,25,2,101.46195497292676
2025-06-18,Packaging_C,169.37,161.21,566.85,3.09,6,25,2,100.40443998346814
2025-06-18,Resin_D,81.4,78.51,300.1,2.38,6,25,2,110.6019656019656
2025-06-19,Pulp_A,237.43,221.0,861.36,3.59,6,25,3,108.83544623678559
2025-06-19,Chemical_B,103.81,107.77,348.08,4.52,6,25,3,100.59146517676524
2025-06-19,Packaging_C,124.58,122.54,552.18,2.32,6,25,3,132.96997912987638
2025-06-19,Resin_D,86.02,82.83,252.74,2.44,6,25,3,88.1446175308068
2025-06-20,Pulp_A,235.04,238.94,866.69,1.38,6,25,4,110.62244724302248
2025-06-20,Chemical_B,98.73,100.3,369.48,4.12,6,25,4,112.26982680036464
2025-06-20,Packaging_C,132.44,122.16,588.3,5.83,6,25,4,133.26034430685593
2025-06-20,Resin_D,99.1,102.38,247.19,4.05,6,25,4,74.83047426841574
2025-06-21,Pulp_A,196.76,199.83,880.31,5.33,6,25,5,134.22087822728196
2025-06-21,Chemical_B,96.87,92.26,386.65,3.94,6,25,5,119.74295447506967
2025-06-21,Packaging_C,149.31,147.11,579.93,1.08,6,25,5,116.5220012055455
2025-06-21,Resin_D,45.63,45.27,342.23,5.79,6,25,5,225.0032873109796
2025-06-22,Pulp_A,230.12,218.65,861.53,4.36,6,25,6,112.31487919346428
2025-06-22,Chemical_B,87.9,82.17,382.74,4.74,6,25,6,130.62798634812287
2025-06-22,Packaging_C,131.28,126.22,589.37,3.17,6,25,6,134.68235831809872
2025-06-22,Resin_D,94.5,96.58,315.04,2.21,6,25,6,100.01269841269843
2025-06-23,Pulp_A,223.37,212.62,883.22,5.39,6,26,0,118.62201728074496
2025-06-23,Chemical_B,94.16,90.71,363.58,2.24,6,26,0,115.83899745114698
2025-06-23,Packaging_C,149.91,155.49,532.2,4.03,6,26,0,106.50390234140485
2025-06-23,Resin_D,77.22,82.79,303.77,5.19,6,26,0,118.01476301476302
2025-06-24,Pulp_A,238.07,254.55,873.73,3.72,6,26,1,110.10165077498216
2025-06-24,Chemical_B,112.81,117.19,331.25,4.69,6,26,1,88.09059480542504
2025-06-24,Packaging_C,139.13,136.26,561.82,5.6,6,26,1,121.14281607130025
2025-06-24,Resin_D,101.67,97.91,332.43,2.84,6,26,1,98.0908822661552
2025-06-25,Pulp_A,234.79,245.59,883.25,3.27,6,26,2,112.85616934281698
2025-06-25,Chemical_B,85.15,87.95,407.17,3.14,6,26,2,143.4539048737522
2025-06-25,Packaging_C,180.12,192.69,500.71,1.32,6,26,2,83.3960692871419
2025-06-25,Resin_D,76.99,76.3,319.5,1.11,6,26,2,124.49668788154307
2025-06-26,Pulp_A,230.27,213.92,821.74,3.46,6,26,3,107.05780171103487
2025-06-26,Chemical_B,97.49,99.91,413.6,2.3,6,26,3,127.27459226587342
2025-06-26,Packaging_C,145.71,135.69,547.3,1.93,6,26,3,112.6827259625283
2025-06-26,Resin_D,96.75,101.61,286.75,4.43,6,26,3,88.91472868217053
2025-06-27,Pulp_A,224.58,217.74,860.12,2.25,6,26,4,114.89714133048356
2025-06-27,Chemical_B,148.78,145.38,357.33,2.77,6,26,4,72.05202312138728
2025-06-27,Packaging_C,156.78,151.95,556.91,5.57,6,26,4,106.56525066972827
2025-06-27,Resin_D,82.67,80.74,300.53,3.53,6,26,4,109.05890891496308
2025-06-28,Pulp_A,207.76,209.53,870.96,3.52,6,26,5,125.76434347323837
2025-06-28,Chemical_B,91.72,94.31,375.45,5.19,6,26,5,122.80309638028783
2025-06-28,Packaging_C,137.51,136.17,577.67,4.05,6,26,5,126.02792524180059
2025-06-28,Resin_D,73.31,69.55,278.53,4.47,6,26,5,113.98035738644113
2025-06-29,Pulp_A,204.6,193.64,888.02,1.01,6,26,6,130.20821114369502
2025-06-29,Chemical_B,100.5,100.74,397.46,1.81,6,26,6,118.64477611940298
2025-06-29,Packaging_C,120.22,112.63,548.32,2.11,6,26,6,136.82914656463151
2025-06-29,Resin_D,102.26,98.09,283.56,1.29,6,26,6,83.18795227850576
2025-06-30,Pulp_A,207.85,198.53,878.03,5.8,6,27,0,126.73033437575175
2025-06-30,Chemical_B,118.84,117.24,408.37,3.14,6,27,0,103.08902726354762
2025-06-30,Packaging_C,176.58,182.29,533.16,1.86,6,27,0,90.58103975535167
2025-06-30,Resin_D,43.98,46.59,331.1,4.16,6,27,0,225.85266030013645
2025-07-01,Pulp_A,212.96,216.56,889.18,1.59,7,27,1,125.26014274981215
2025-07-01,Chemical_B,89.74,92.5,375.06,2.03,7,27,1,125.38221528861156
2025-07-01,Packaging_C,161.05,153.43,533.09,3.54,7,27,1,99.30270102452654
2025-07-01,Resin_D,78.68,82.36,295.07,1.35,7,27,1,112.50762582613115
2025-07-02,Pulp_A,267.14,272.63,805.06,4.44,7,27,2,90.40877442539492
2025-07-02,Chemical_B,107.04,112.79,411.93,5.11,7,27,2,115.4512331838565
2025-07-02,Packaging_C,147.03,143.12,583.56,4.96,7,27,2,119.0695776372169
2025-07-02,Resin_D,63.04,66.62,306.89,5.41,7,27,2,146.04536802030458
2025-07-03,Pulp_A,215.48,211.62,882.93,5.02,7,27,3,122.92509745684055
2025-07-03,Chemical_B,101.84,94.79,374.61,5.39,7,27,3,110.3525137470542
2025-07-03,Packaging_C,160.21,172.21,483.62,1.33,7,27,3,90.55989014418576
2025-07-03,Resin_D,73.38,71.92,306.9,5.02,7,27,3,125.47015535568275
2025-07-04,Pulp_A,198.99,190.08,916.5,2.75,7,27,4,138.1727725011307
2025-07-04,Chemical_B,92.77,90.84,377.61,3.32,7,27,4,122.11167403255364
2025-07-04,Packaging_C,160.6,165.96,571.28,1.04,7,27,4,106.71481942714819
2025-07-04,Resin_D,91.91,91.68,254.65,1.03,7,27,4,83.11935589163312
2025-07-05,Pulp_A,217.78,219.46,898.93,1.33,7,27,5,123.83093029662962
2025-07-05,Chemical_B,90.65,94.74,420.74,4.76,7,27,5,139.24103695532267
2025-07-05,Packaging_C,130.05,122.57,605.21,4.36,7,27,5,139.61014994232988
2025-07-05,Resin_D,84.85,80.36,307.6,1.97,7,27,5,108.75662934590456
2025-07-06,Pulp_A,212.9,226.81,898.68,4.79,7,27,6,126.6341005166745
2025-07-06,Chemical_B,108.95,115.74,392.84,3.89,7,27,6,108.17072051399724
2025-07-06,Packaging_C,112.96,112.49,596.98,4.58,7,27,6,158.546388101983
2025-07-06,Resin_D,50.74,49.23,307.96,2.21,7,27,6,182.0811982656681
2025-07-07,Pulp_A,220.55,234.94,844.31,3.54,7,28,0,114.84606665155292
2025-07-07,Chemical_B,87.49,92.0,425.49,4.3,7,28,0,145.8989598811293
2025-07-07,Packaging_C,136.24,140.43,585.12,2.32,7,28,0,128.84321785085143
2025-07-07,Resin_D,83.69,81.34,305.14,2.35,7,28,0,109.3822439956984
2025-07-08,Pulp_A,234.73,224.16,841.57,3.98,7,28,1,107.5580454138798
2025-07-08,Chemical_B,113.49,119.21,330.7,4.89,7,28,1,87.41739360296062
2025-07-08,Packaging_C,135.32,126.4,579.24,4.49,7,28,1,128.41560744900977
2025-07-08,Resin_D,65.64,60.71,260.3,2.3,7,28,1,118.96709323583181
2025-07-09,Pulp_A,230.67,213.65,830.21,4.33,7,28,2,107.97372870334246
2025-07-09,Chemical_B,110.61,117.48,356.84,2.63,7,28,2,96.78329264985082
2025-07-09,Packaging_C,150.45,144.41,557.45,3.88,7,28,2,111.15653040877369
2025-07-09,Resin_D,91.78,97.03,298.53,5.99,7,28,2,97.58008280671169
2025-07-10,Pulp_A,209.83,193.8,884.06,2.8,7,28,3,126.39660677691464
2025-07-10,Chemical_B,105.09,101.94,405.69,4.27,7,28,3,115.81216100485298
2025-07-10,Packaging_C,154.42,160.9,578.81,1.19,7,28,3,112.4485170314726
2025-07-10,Resin_D,85.89,86.76,316.39,4.12,7,28,3,110.50995459308417
2025-07-11,Pulp_A,228.48,231.44,897.64,5.95,7,28,4,117.8623949579832
2025-07-11,Chemical_B,94.47,97.61,419.61,2.95,7,28,4,133.25182597650047
2025-07-11,Packaging_C,152.24,162.67,512.78,5.65,7,28,4,101.04703100367838
2025-07-11,Resin_D,85.26,81.32,237.24,5.98,7,28,4,83.47642505277973
2025-07-12,Pulp_A,215.79,219.0,906.34,1.27,7,28,5,126.00305852912555
2025-07-12,Chemical_B,110.72,113.86,351.64,2.87,7,28,5,95.27817919075144
2025-07-12,Packaging_C,155.84,160.76,544.25,4.24,7,28,5,104.77091889117044
2025-07-12,Resin_D,50.27,51.36,312.6,4.0,7,28,5,186.5526158742789
2025-07-13,Pulp_A,214.51,212.97,863.49,4.34,7,28,6,120.76220222833435
2025-07-13,Chemical_B,76.04,70.19,407.52,4.9,7,28,6,160.77853761178326
2025-07-13,Packaging_C,149.38,157.46,571.97,5.01,7,28,6,114.86879100281163
2025-07-13,Resin_D,61.72,61.61,327.23,3.01,7,28,6,159.05541153596891
2025-07-14,Pulp_A,227.35,219.24,843.88,5.61,7,29,0,111.35429953815702
2025-07-14,Chemical_B,125.06,122.16,389.26,1.26,7,29,0,93.37757876219415
2025-07-14,Packaging_C,142.62,133.14,546.09,4.03,7,29,0,114.86958350862432
2025-07-14,Resin_D,61.77,65.36,328.8,5.43,7,29,0,159.68916949975716
2025-07-15,Pulp_A,232.84,224.88,847.06,5.01,7,29,1,109.13846418141212
2025-07-15,Chemical_B,102.19,109.93,393.32,3.33,7,29,1,115.46726685585674
2025-07-15,Packaging_C,135.65,145.96,559.44,5.08,7,29,1,123.72429045337266
2025-07-15,Resin_D,75.31,70.14,281.03,2.05,7,29,1,111.94927632452527
2025-07-16,Pulp_A,220.41,212.25,840.88,1.5,7,29,2,114.45215734313325
2025-07-16,Chemical_B,94.22,101.35,374.75,4.8,7,29,2,119.32180004245383
2025-07-16,Packaging_C,142.13,137.09,569.85,4.99,7,29,2,120.28072891015267
2025-07-16,Resin_D,60.01,57.44,288.94,1.65,7,29,2,144.4459256790535
2025-07-17,Pulp_A,211.18,217.06,856.42,1.31,7,29,3,121.66208921299365
2025-07-17,Chemical_B,106.65,100.63,354.41,2.71,7,29,3,99.69338959212376
2025-07-17,Packaging_C,142.26,137.76,536.53,3.82,7,29,3,113.14424293547026
2025-07-17,Resin_D,72.33,73.27,310.2,3.53,7,29,3,128.6603069265865
2025-07-18,Pulp_A,227.64,219.4,847.26,3.44,7,29,4,111.65788086452294
2025-07-18,Chemical_B,96.19,93.21,357.99,5.11,7,29,4,111.65089926187754
2025-07-18,Packaging_C,140.64,139.71,543.47,4.63,7,29,4,115.9279010238908
2025-07-18,Resin_D,104.88,109.53,290.47,5.31,7,29,4,83.08638443935928
2025-07-19,Pulp_A,209.97,221.4,841.84,5.95,7,29,5,120.28004000571511
2025-07-19,Chemical_B,74.88,71.23,421.25,3.45,7,29,5,168.77003205128204
2025-07-19,Packaging_C,123.28,122.95,619.32,5.19,7,29,5,150.71057754704736
2025-07-19,Resin_D,73.34,72.24,292.5,2.64,7,29,5,119.64821379874556
2025-07-20,Pulp_A,227.18,213.59,865.97,1.98,7,29,6,114.35469671626024
2025-07-20,Chemical_B,107.3,107.12,408.35,4.22,7,29,6,114.17054986020504
2025-07-20,Packaging_C,128.17,125.55,533.91,4.31,7,29,6,124.96918155574627
2025-07-20,Resin_D,61.99,58.87,285.58,2.39,7,29,6,138.20616228423938
2025-07-21,Pulp_A,212.29,223.36,874.23,2.43,7,30,0,123.54279523293609
2025-07-21,Chemical_B,79.84,78.24,400.67,4.99,7,30,0,150.55235470941884
2025-07-21,Packaging_C,130.64,131.83,563.59,5.23,7,30,0,129.42207593386408
2025-07-21,Resin_D,68.44,70.34,318.65,2.1,7,30,0,139.67708942139097
2025-07-22,Pulp_A,227.22,218.12,865.09,2.32,7,30,1,114.21837866385002
2025-07-22,Chemical_B,104.11,108.28,401.61,1.76,7,30,1,115.72663528959754
2025-07-22,Packaging_C,109.78,102.65,575.6,3.43,7,30,1,157.29641100382582
2025-07-22,Resin_D,62.04,59.44,296.27,5.54,7,30,1,143.2640232108317
2025-07-23,Pulp_A,187.19,195.0,859.79,1.77,7,30,2,137.79421977669747
2025-07-23,Chemical_B,54.55,55.4,407.95,6.0,7,30,2,224.35380384967922
2025-07-23,Packaging_C,132.87,139.84,601.84,1.85,7,30,2,135.88620456084894
2025-07-23,Resin_D,77.88,79.32,243.85,5.55,7,30,2,93.93297380585517
2025-07-24,Pulp_A,228.07,211.66,970.09,1.17,7,30,3,127.60424431095717
2025-07-24,Chemical_B,64.18,67.67,453.93,1.8,7,30,3,212.18292302898098
2025-07-24,Packaging_C,139.76,133.89,549.63,1.25,7,30,3,117.98010875787065
2025-07-24,Resin_D,66.9,68.06,316.34,2.41,7,30,3,141.85650224215246
2025-07-25,Pulp_A,213.89,224.2,857.86,2.96,7,30,4,120.32259572677546
2025-07-25,Chemical_B,87.1,90.9,396.86,2.18,7,30,4,136.69115958668198
2025-07-25,Packaging_C,150.41,160.74,595.8,2.94,7,30,4,118.8351838308623
2025-07-25,Resin_D,76.6,79.97,330.8,2.17,7,30,4,129.556135770235
2025-07-26,Pulp_A,198.89,213.58,899.5,4.34,7,30,5,135.67801297199458
2025-07-26,Chemical_B,75.07,76.41,405.3,4.39,7,30,5,161.9688290928467
2025-07-26,Packaging_C,134.85,144.5,553.76,5.42,7,30,5,123.19466073414905
2025-07-26,Resin_D,43.47,41.96,355.41,5.82,7,30,5,245.27950310559007
2025-07-27,Pulp_A,214.64,231.47,922.18,2.56,7,30,6,128.89209839731643
2025-07-27,Chemical_B,67.44,66.82,401.82,2.31,7,30,6,178.7455516014235
2025-07-27,Packaging_C,136.45,145.96,551.89,1.93,7,30,6,121.33895199706853
2025-07-27,Resin_D,66.11,61.47,304.13,1.46,7,30,6,138.01089093934354
2025-07-28,Pulp_A,224.05,211.52,847.26,5.84,7,31,0,113.44699843784869
2025-07-28,Chemical_B,95.47,91.6,304.75,3.35,7,31,0,95.76306693202054
2025-07-28,Packaging_C,157.28,163.67,562.16,3.89,7,31,0,107.22787385554425
2025-07-28,Resin_D,59.96,59.02,358.73,5.42,7,31,0,179.4846564376251
2025-07-29,Pulp_A,235.92,227.3,836.43,1.95,7,31,1,106.3619023397762
2025-07-29,Chemical_B,85.95,84.98,362.64,5.15,7,31,1,126.57591623036647
2025-07-29,Packaging_C,144.17,144.9,541.57,2.44,7,31,1,112.69404175625999
2025-07-29,Resin_D,45.2,45.89,328.09,3.17,7,31,1,217.7588495575221
2025-07-30,Pulp_A,232.25,226.45,870.4,4.67,7,31,2,112.43057050592034
2025-07-30,Chemical_B,101.73,106.95,378.27,3.83,7,31,2,111.55116484812739
2025-07-30,Packaging_C,149.56,147.16,557.65,2.63,7,31,2,111.85811714362129
2025-07-30,Resin_D,71.74,72.62,305.6,3.32,7,31,2,127.79481460830779
2025-07-31,Pulp_A,241.02,222.99,874.03,4.29,7,31,3,108.79138660692057
2025-07-31,Chemical_B,79.0,74.86,397.94,3.84,7,31,3,151.11645569620254
2025-07-31,Packaging_C,143.29,150.59,552.83,5.92,7,31,3,115.74359690138881
2025-07-31,Resin_D,44.66,41.44,308.83,1.26,7,31,3,207.4540976265114
2025-08-01,Pulp_A,211.77,202.5,935.42,4.07,8,31,4,132.51452047032157
2025-08-01,Chemical_B,100.27,98.01,336.05,5.12,8,31,4,100.54353246235165
2025-08-01,Packaging_C,136.57,133.31,596.57,2.81,8,31,4,131.04708208244858
2025-08-01,Resin_D,64.22,61.23,336.74,1.42,8,31,4,157.30613516038616
2025-08-02,Pulp_A,176.89,186.54,852.31,2.11,8,31,5,144.5491548419922
2025-08-02,Chemical_B,92.68,97.48,370.74,2.92,8,31,5,120.0064738886491
2025-08-02,Packaging_C,91.63,97.97,598.65,1.59,8,31,5,196.00021826912584
2025-08-02,Resin_D,57.54,57.83,328.7,1.16,8,31,5,171.37643378519292
2025-08-03,Pulp_A,162.06,153.28,921.48,4.28,8,31,6,170.58126619770457
2025-08-03,Chemical_B,75.27,77.86,410.9,1.34,8,31,6,163.77042646472697
2025-08-03,Packaging_C,104.94,106.84,589.89,5.69,8,31,6,168.63636363636365
2025-08-03,Resin_D,45.59,44.53,335.02,3.75,8,31,6,220.45624040359726
2025-08-04,Pulp_A,234.48,246.29,857.11,4.06,8,32,0,109.6609518935517
2025-08-04,Chemical_B,71.52,67.01,385.74,2.77,8,32,0,161.8036912751678
2025-08-04,Packaging_C,163.12,167.25,515.46,1.35,8,32,0,94.80014713094656
2025-08-04,Resin_D,54.06,51.09,311.05,5.14,8,32,0,172.61376248612652
2025-08-05,Pulp_A,215.41,203.97,871.36,5.4,8,32,1,121.35369759992572
2025-08-05,Chemical_B,69.09,69.12,413.95,4.66,8,32,1,179.74381241858447
2025-08-05,Packaging_C,140.19,143.1,577.13,3.02,8,32,1,123.5031029317355
2025-08-05,Resin_D,74.84,76.97,340.95,3.14,8,32,1,136.67156600748262
2025-08-06,Pulp_A,228.15,215.25,885.67,5.16,8,32,2,116.45890861275475
2025-08-06,Chemical_B,109.53,108.33,368.98,2.9,8,32,2,101.06272254176938
2025-08-06,Packaging_C,133.74,141.1,574.01,3.42,8,32,2,128.75953342305965
2025-08-06,Resin_D,42.26,42.75,336.33,2.63,8,32,2,238.7576904874586
2025-08-07,Pulp_A,214.83,222.68,895.66,2.73,8,32,3,125.07471023600054
2025-08-07,Chemical_B,106.87,114.51,382.72,3.0,8,32,3,107.43520164686068
2025-08-07,Packaging_C,125.64,135.5,595.75,1.13,8,32,3,142.25167144221587
2025-08-07,Resin_D,95.99,98.87,305.78,1.6,8,32,3,95.56620481300135
2025-08-08,Pulp_A,196.57,190.51,917.74,3.73,8,32,4,140.06308185379254
2025-08-08,Chemical_B,73.54,69.67,394.38,3.09,8,32,4,160.883872722328
2025-08-08,Packaging_C,141.8,132.37,564.48,2.97,8,32,4,119.42454160789843
2025-08-08,Resin_D,86.7,82.02,329.69,2.17,8,32,4,114.0795847750865
2025-08-09,Pulp_A,205.06,219.05,885.99,3.1,8,32,5,129.61913586267434
2025-08-09,Chemical_B,44.05,40.73,463.9,3.92,8,32,5,315.93643586833144
2025-08-09,Packaging_C,116.36,118.0,582.7,2.99,8,32,5,150.23203850120316
2025-08-09,Resin_D,53.31,51.4,332.76,4.55,8,32,5,187.2594259988745
2025-08-10,Pulp_A,204.53,200.43,888.78,3.75,8,32,6,130.36424974331393
2025-08-10,Chemical_B,70.94,74.71,388.99,5.03,8,32,6,164.50098674936567
2025-08-10,Packaging_C,106.81,112.23,575.39,5.65,8,32,6,161.61127235277596
2025-08-10,Resin_D,50.76,49.44,301.82,5.35,8,32,6,178.3806146572104
2025-08-11,Pulp_A,171.55,167.01,919.08,2.97,8,33,0,160.72515301661323
2025-08-11,Chemical_B,71.6,72.42,406.14,5.03,8,33,0,170.17039106145253
2025-08-11,Packaging_C,126.06,118.99,585.34,2.34,8,33,0,139.30033317467874
2025-08-11,Resin_D,52.84,54.36,278.36,1.28,8,33,0,158.03936411809235
2025-08-12,Pulp_A,213.45,220.18,876.15,1.97,8,33,1,123.14125087842586
2025-08-12,Chemical_B,70.14,74.47,424.26,5.48,8,33,1,181.4627887082977
2025-08-12,Packaging_C,119.86,118.16,561.33,2.2,8,33,1,140.4964124812281
2025-08-12,Resin_D,84.53,86.87,303.36,5.12,8,33,1,107.66355140186916
2025-08-13,Pulp_A,198.08,205.63,893.65,2.8,8,33,2,135.3468295638126
2025-08-13,Chemical_B,71.69,66.88,425.66,5.96,8,33,2,178.12526154275355
2025-08-13,Packaging_C,148.03,156.7,597.71,2.45,8,33,2,121.13287847058031
2025-08-13,Resin_D,103.86,102.39,255.7,3.14,8,33,2,73.85904101675331
2025-08-14,Pulp_A,225.08,237.7,827.85,2.01,8,33,3,110.34076772703038
2025-08-14,Chemical_B,92.16,96.93,393.47,3.78,8,33,3,128.08268229166669
2025-08-14,Packaging_C,120.1,125.2,562.98,2.27,8,33,3,140.62781015820153
2025-08-14,Resin_D,82.89,80.56,303.39,4.38,8,33,3,109.80456026058631
2025-08-15,Pulp_A,239.14,246.13,898.94,3.88,8,33,4,112.77159822698002
2025-08-15,Chemical_B,64.29,67.05,397.6,2.13,8,33,4,185.53429771348576
2025-08-15,Packaging_C,118.38,120.76,600.56,4.74,8,33,4,152.19462747085657
2025-08-15,Resin_D,73.39,77.49,276.91,1.22,8,33,4,113.1938956261071
2025-08-16,Pulp_A,183.19,182.56,948.05,5.64,8,33,5,155.2568371636006
2025-08-16,Chemical_B,64.62,59.59,359.74,1.41,8,33,5,167.01021355617453
2025-08-16,Packaging_C,99.83,100.59,647.96,1.87,8,33,5,194.71902233797456
2025-08-16,Resin_D,66.0,70.91,277.63,1.25,8,33,5,126.19545454545454
2025-08-17,Pulp_A,198.42,200.45,925.03,3.5,8,33,6,139.85938917447837
2025-08-17,Chemical_B,45.62,48.66,455.85,3.03,8,33,6,299.7698377904428
2025-08-17,Packaging_C,122.27,118.22,559.41,3.63,8,33,6,137.25607262615523
2025-08-17,Resin_D,59.7,62.49,322.76,4.38,8,33,6,162.19095477386935
2025-08-18,Pulp_A,218.92,211.77,884.78,1.01,8,34,0,121.24703087885986
2025-08-18,Chemical_B,75.19,77.14,382.0,4.17,8,34,0,152.41388482510973
2025-08-18,Packaging_C,129.84,134.59,571.31,2.62,8,34,0,132.0032347504621
2025-08-18,Resin_D,78.39,76.42,345.14,1.67,8,34,0,132.08572522005358
2025-08-19,Pulp_A,216.65,202.9,899.51,3.01,8,34,1,124.55711977844449
2025-08-19,Chemical_B,101.4,95.2,391.63,1.0,8,34,1,115.86686390532543
2025-08-19,Packaging_C,119.43,114.74,614.45,1.06,8,34,1,154.34564179854308
2025-08-19,Resin_D,85.73,92.01,292.63,3.83,8,34,1,102.40172635016913
2025-08-20,Pulp_A,200.02,201.59,900.73,2.9,8,34,2,135.0959904009599
2025-08-20,Chemical_B,64.52,61.84,448.06,1.47,8,34,2,208.33539987600744
2025-08-20,Packaging_C,123.53,117.14,569.27,5.94,8,34,2,138.25062737796486
2025-08-20,Resin_D,89.22,94.56,223.58,5.98,8,34,2,75.17821116341628
2025-08-21,Pulp_A,231.88,225.46,876.57,2.53,8,34,3,113.40822839399691
2025-08-21,Chemical_B,112.87,116.16,338.49,2.58,8,34,3,89.96810489944184
2025-08-21,Packaging_C,137.8,129.61,538.75,3.89,8,34,3,117.28955007256893
2025-08-21,Resin_D,84.23,87.65,317.3,5.36,8,34,3,113.01199097708654
2025-08-22,Pulp_A,238.92,243.48,861.07,1.93,8,34,4,108.12029131089906
2025-08-22,Chemical_B,118.79,125.44,330.84,1.98,8,34,4,83.55248758312989
2025-08-22,Packaging_C,131.69,133.5,543.75,3.71,8,34,4,123.87045333738324
2025-08-22,Resin_D,70.44,70.94,281.95,2.17,8,34,4,120.0809199318569
2025-08-23,Pulp_A,210.85,195.38,901.03,3.49,8,34,5,128.19966801043395
2025-08-23,Chemical_B,52.9,51.28,442.96,4.07,8,34,5,251.20604914933838
2025-08-23,Packaging_C,138.13,135.15,576.22,4.2,8,34,5,125.14732498371102
2025-08-23,Resin_D,28.8,29.73,342.48,3.78,8,34,5,356.75
2025-08-24,Pulp_A,204.67,188.98,889.27,2.58,8,34,6,130.34689988762398
2025-08-24,Chemical_B,53.68,55.19,452.07,2.98,8,34,6,252.64716840536514
2025-08-24,Packaging_C,109.81,108.27,629.95,5.67,8,34,6,172.10181222110918
2025-08-24,Resin_D,41.29,41.84,325.19,5.85,8,34,6,236.2727052555098
2025-08-25,Pulp_A,202.96,197.74,892.9,3.53,8,35,0,131.98167126527395
2025-08-25,Chemical_B,93.74,101.21,356.76,3.26,8,35,0,114.17537870706208
2025-08-25,Packaging_C,114.57,107.52,543.25,5.42,8,35,0,142.24927991620842
2025-08-25,Resin_D,39.96,40.98,301.15,3.21,8,35,0,226.08858858858855
2025-08-26,Pulp_A,203.78,214.01,900.66,5.7,8,35,1,132.5929924428305
2025-08-26,Chemical_B,92.68,87.51,385.6,3.39,8,35,1,124.81657315494172
2025-08-26,Packaging_C,153.43,151.01,591.75,2.69,8,35,1,115.70422994199309
2025-08-26,Resin_D,62.47,59.1,288.41,4.67,8,35,1,138.5032815751561
2025-08-27,Pulp_A,243.95,258.47,885.81,3.88,8,35,2,108.93338798934208
2025-08-27,Chemical_B,103.06,103.73,357.84,1.4,8,35,2,104.1645643314574
2025-08-27,Packaging_C,144.4,142.0,559.08,2.48,8,35,2,116.15235457063713
2025-08-27,Resin_D,65.36,64.66,307.75,3.98,8,35,2,141.2561199510404
2025-08-28,Pulp_A,218.87,230.37,918.36,1.4,8,35,3,125.87746150683054
2025-08-28,Chemical_B,120.35,126.68,344.54,4.92,8,35,3,85.88450353136685
2025-08-28,Packaging_C,134.21,126.15,563.32,5.38,8,35,3,125.91908203561582
2025-08-28,Resin_D,72.82,73.76,238.87,5.68,8,35,3,98.40840428453724
2025-08-29,Pulp_A,207.76,218.05,943.41,5.75,8,35,4,136.22593376973433
2025-08-29,Chemical_B,75.97,75.24,388.95,4.22,8,35,4,153.5935237593787
2025-08-29,Packaging_C,122.84,124.8,573.48,5.51,8,35,4,140.05535656138065
2025-08-29,Resin_D,46.71,46.28,314.99,1.24,8,35,4,202.30571612074505
2025-08-30,Pulp_A,199.3,202.11,911.15,2.77,8,35,5,137.15253386853988
2025-08-30,Chemical_B,71.7,75.44,437.91,4.16,8,35,5,183.22594142259413
2025-08-30,Packaging_C,119.91,118.26,613.74,5.79,8,35,5,153.55016262196648
2025-08-30,Resin_D,82.0,78.33,315.23,4.13,8,35,5,115.3280487804878
2025-08-31,Pulp_A,173.41,161.19,933.91,4.02,8,35,6,161.5668069892163
2025-08-31,Chemical_B,69.85,66.8,444.86,4.33,8,35,6,191.06370794559774
2025-08-31,Packaging_C,111.06,105.08,568.81,1.92,8,35,6,153.64937871420852
2025-08-31,Resin_D,40.57,37.66,303.05,2.99,8,35,6,224.09415824500863
2025-09-01,Pulp_A,166.62,163.5,984.7,5.2,9,36,0,177.29564277997838
2025-09-01,Chemical_B,85.85,79.83,359.86,1.36,9,36,0,125.75189283634248
2025-09-01,Packaging_C,156.0,165.44,591.43,3.79,9,36,0,113.73653846153844
2025-09-01,Resin_D,68.2,69.78,273.39,1.23,9,36,0,120.25953079178885
2025-09-02,Pulp_A,203.58,192.83,890.95,1.63,9,36,1,131.29236663719422
2025-09-02,Chemical_B,86.18,82.68,362.3,2.79,9,36,1,126.11974936180087
2025-09-02,Packaging_C,145.07,135.24,502.29,1.02,9,36,1,103.87192389880748
2025-09-02,Resin_D,82.7,81.52,326.96,3.45,9,36,1,118.60701330108826
2025-09-03,Pulp_A,204.82,199.42,893.58,1.89,9,36,2,130.88272629626016
2025-09-03,Chemical_B,108.19,105.0,383.43,2.97,9,36,2,106.32128662538128
2025-09-03,Packaging_C,125.33,118.9,569.33,4.99,9,36,2,136.27942232506186
2025-09-03,Resin_D,72.91,72.62,350.47,5.61,9,36,2,144.20655602797973
2025-09-04,Pulp_A,207.34,202.36,883.75,4.91,9,36,3,127.86968264686023
2025-09-04,Chemical_B,85.76,81.98,390.52,3.0,9,36,3,136.60914179104478
2025-09-04,Packaging_C,134.93,128.04,563.55,5.0,9,36,3,125.29830282368636
2025-09-04,Resin_D,83.4,82.33,269.69,3.89,9,36,3,97.01079136690646
2025-09-05,Pulp_A,216.45,229.14,895.43,1.3,9,36,4,124.1067221067221
2025-09-05,Chemical_B,73.0,72.02,412.61,3.74,9,36,4,169.56575342465754
2025-09-05,Packaging_C,137.47,148.4,500.19,1.68,9,36,4,109.15617953007929
2025-09-05,Resin_D,50.45,47.49,365.28,1.79,9,36,4,217.213082259663
2025-09-06,Pulp_A,183.06,188.02,887.59,3.42,9,36,5,145.4588659455916
2025-09-06,Chemical_B,39.31,39.9,409.4,3.88,9,36,5,312.4395828033579
2025-09-06,Packaging_C,110.24,111.18,558.79,3.85,9,36,5,152.06549346879535
2025-09-06,Resin_D,56.97,52.64,297.72,2.77,9,36,5,156.77725118483414
2025-09-07,Pulp_A,196.61,189.1,939.66,4.47,9,36,6,143.3792787752403
2025-09-07,Chemical_B,87.3,90.58,395.53,4.05,9,36,6,135.92096219931273
2025-09-07,Packaging_C,94.97,91.35,604.13,3.1,9,36,6,190.8381594187638
2025-09-07,Resin_D,51.85,50.09,385.94,1.03,9,36,6,223.30183220829315
2025-09-08,Pulp_A,181.91,188.74,917.28,1.12,9,37,0,151.27480622285745
2025-09-08,Chemical_B,94.12,89.22,383.95,3.36,9,37,0,122.38100297492562
2025-09-08,Packaging_C,133.01,134.08,548.07,3.04,9,37,0,123.61551763025338
2025-09-08,Resin_D,78.89,75.06,297.4,1.11,9,37,0,113.09418177208771
2025-09-09,Pulp_A,212.82,226.12,914.04,3.98,9,37,1,128.84691288412745
2025-09-09,Chemical_B,79.92,83.12,427.88,5.57,9,37,1,160.6156156156156
2025-09-09,Packaging_C,110.33,106.25,596.84,1.99,9,37,1,162.2876824073235
2025-09-09,Resin_D,52.15,52.61,296.19,3.94,9,37,1,170.38734419942475
2025-09-10,Pulp_A,238.07,222.13,831.36,1.44,9,37,2,104.76246482127107
2025-09-10,Chemical_B,85.33,81.43,357.33,2.42,9,37,2,125.62873549748038
2025-09-10,Packaging_C,147.86,136.36,542.24,4.25,9,37,2,110.01758420127146
2025-09-10,Resin_D,80.29,85.85,309.81,1.1,9,37,2,115.759123178478
2025-09-11,Pulp_A,243.7,250.06,819.31,4.4,9,37,3,100.85884283955683
2025-09-11,Chemical_B,69.54,73.77,430.63,1.25,9,37,3,185.7765314926661
2025-09-11,Packaging_C,134.19,128.95,560.13,2.1,9,37,3,125.22468142186452
2025-09-11,Resin_D,94.89,90.93,280.13,4.79,9,37,3,88.56465380967437
2025-09-12,Pulp_A,197.33,194.51,929.71,2.05,9,37,4,141.3434348553185
2025-09-12,Chemical_B,84.54,90.42,393.24,2.52,9,37,4,139.5457771469127
2025-09-12,Packaging_C,139.43,143.7,578.94,5.83,9,37,4,124.56573190848455
2025-09-12,Resin_D,49.25,50.6,318.65,4.65,9,37,4,194.10152284263958
2025-09-13,Pulp_A,170.33,170.45,938.45,2.56,9,37,5,165.28797041037984
2025-09-13,Chemical_B,94.39,98.1,356.91,2.16,9,37,5,113.43680474626551
2025-09-13,Packaging_C,87.78,83.55,596.4,4.92,9,37,5,203.82775119617224
2025-09-13,Resin_D,42.39,44.09,351.22,5.48,9,37,5,248.56334041047418
2025-09-14,Pulp_A,185.74,199.3,923.51,2.88,9,37,6,149.1617314525681
2025-09-14,Chemical_B,58.37,58.24,412.06,1.55,9,37,6,211.78345040260407
2025-09-14,Packaging_C,98.66,103.54,573.49,5.38,9,37,6,174.38374214473953
2025-09-14,Resin_D,57.57,60.86,306.65,4.82,9,37,6,159.79676915059926
2025-09-15,Pulp_A,215.4,230.74,863.96,4.41,9,38,0,120.32869080779943
2025-09-15,Chemical_B,83.84,85.79,339.0,3.55,9,38,0,121.30248091603053
2025-09-15,Packaging_C,123.33,129.3,558.47,5.31,9,38,0,135.8477256142058
2025-09-15,Resin_D,81.62,84.91,261.93,5.06,9,38,0,96.27419750061259
2025-09-16,Pulp_A,206.51,218.35,901.96,1.66,9,38,1,131.02900585928043
2025-09-16,Chemical_B,99.08,101.9,397.72,2.26,9,38,1,120.42389987888576
2025-09-16,Packaging_C,127.67,118.55,574.15,4.59,9,38,1,134.91423200438632
2025-09-16,Resin_D,81.52,80.0,291.39,1.84,9,38,1,107.2338076545633
2025-09-17,Pulp_A,211.24,200.73,919.49,4.6,9,38,2,130.5846430600265
2025-09-17,Chemical_B,120.84,120.08,360.78,5.14,9,38,2,89.56802383316781
2025-09-17,Packaging_C,136.56,127.94,584.43,5.19,9,38,2,128.38971880492088
2025-09-17,Resin_D,81.83,80.04,319.6,5.4,9,38,2,117.16974214835636
2025-09-18,Pulp_A,199.9,196.95,908.41,5.43,9,38,3,136.3296648324162
2025-09-18,Chemical_B,99.46,95.81,411.86,2.24,9,38,3,124.22883571284939
2025-09-18,Packaging_C,126.37,131.94,581.32,2.97,9,38,3,138.00427316609955
2025-09-18,Resin_D,69.84,68.38,306.15,2.79,9,38,3,131.50773195876286
2025-09-19,Pulp_A,212.62,210.6,834.06,5.4,9,38,4,117.68319066879879
2025-09-19,Chemical_B,132.05,124.41,400.64,5.91,9,38,4,91.0200681560015
2025-09-19,Packaging_C,125.69,128.97,571.66,3.98,9,38,4,136.44522237250376
2025-09-19,Resin_D,38.84,40.61,291.5,1.98,9,38,4,225.15447991761067
2025-09-20,Pulp_A,197.79,195.23,928.95,3.29,9,38,5,140.89943879872592
2025-09-20,Chemical_B,78.21,78.37,376.08,2.6,9,38,5,144.2577675489068
2025-09-20,Packaging_C,122.24,119.21,574.71,1.27,9,38,5,141.04466623036652
2025-09-20,Resin_D,39.78,38.0,301.52,1.0,9,38,5,227.39064856711914
2025-09-21,Pulp_A,179.56,168.65,933.47,1.34,9,38,6,155.9595678324794
2025-09-21,Chemical_B,70.11,69.33,409.1,1.6,9,38,6,175.05348737697904
2025-09-21,Packaging_C,77.63,76.07,626.84,4.11,9,38,6,242.24140152003096
2025-09-21,Resin_D,36.49,33.78,346.74,5.97,9,38,6,285.0698821594957
2025-09-22,Pulp_A,227.02,221.25,861.78,3.22,9,39,0,113.88159633512464
2025-09-22,Chemical_B,84.78,89.68,441.27,5.33,9,39,0,156.1464968152866
2025-09-22,Packaging_C,132.39,132.03,567.06,5.93,9,39,0,128.49762066621346
2025-09-22,Resin_D,51.03,51.34,344.55,5.96,9,39,0,202.5573192239859
2025-09-23,Pulp_A,193.55,178.28,939.04,3.02,9,39,1,145.54998708344095
2025-09-23,Chemical_B,93.15,90.72,368.03,5.14,9,39,1,118.5281803542673
2025-09-23,Packaging_C,116.45,108.4,564.56,1.94,9,39,1,145.4426792614856
2025-09-23,Resin_D,36.61,36.13,350.18,2.88,9,39,1,286.9543840480743
2025-09-24,Pulp_A,177.0,165.87,920.85,5.77,9,39,2,156.07627118644066
2025-09-24,Chemical_B,80.88,78.27,385.95,2.6,9,39,2,143.156528189911
2025-09-24,Packaging_C,135.1,126.94,551.14,4.17,9,39,2,122.38490007401926
2025-09-24,Resin_D,65.85,61.4,341.73,5.78,9,39,2,155.68564920273352
2025-09-25,Pulp_A,216.89,205.4,872.8,5.27,9,39,3,120.72479136889669
2025-09-25,Chemical_B,83.22,86.8,383.64,5.67,9,39,3,138.2984859408796
2025-09-25,Packaging_C,125.63,121.29,579.67,2.44,9,39,3,138.42314733741938
2025-09-25,Resin_D,42.27,42.57,292.72,1.8,9,39,3,207.750177430802
2025-09-26,Pulp_A,194.68,188.77,918.17,3.52,9,39,4,141.48911033490856
2025-09-26,Chemical_B,92.89,95.05,402.38,1.78,9,39,4,129.95370868769513
2025-09-26,Packaging_C,115.22,112.96,587.22,3.07,9,39,4,152.8953306717584
2025-09-26,Resin_D,57.32,54.38,314.58,2.96,9,39,4,164.6441032798325
2025-09-27,Pulp_A,184.04,198.21,922.69,2.91,9,39,5,150.40589002390786
2025-09-27,Chemical_B,54.99,56.11,449.3,1.96,9,39,5,245.11729405346426
2025-09-27,Packaging_C,127.77,118.96,584.25,2.67,9,39,5,137.1800892228223
2025-09-27,Resin_D,60.58,59.19,278.84,1.74,9,39,5,138.08517662594915
2025-09-28,Pulp_A,208.59,204.65,900.91,1.66,9,39,6,129.5714080253128
2025-09-28,Chemical_B,55.81,54.02,401.45,4.21,9,39,6,215.79466045511555
2025-09-28,Packaging_C,134.15,131.2,586.55,5.12,9,39,6,131.17033171822587
2025-09-28,Resin_D,42.77,44.83,296.4,1.9,9,39,6,207.90273556231
2025-09-29,Pulp_A,227.45,210.18,844.87,4.45,9,40,0,111.43591998241372
2025-09-29,Chemical_B,77.53,78.89,393.69,2.2,9,40,0,152.33715980910614
2025-09-29,Packaging_C,117.15,110.54,577.97,2.49,9,40,0,148.00768245838668
2025-09-29,Resin_D,62.9,59.11,306.71,2.54,9,40,0,146.2845786963434
2025-09-30,Pulp_A,212.79,225.88,928.55,3.77,9,40,1,130.91075708444944
2025-09-30,Chemical_B,62.15,58.83,416.8,5.58,9,40,1,201.1906677393403
2025-09-30,Packaging_C,111.54,116.18,551.54,2.69,9,40,1,148.34319526627218
2025-09-30,Resin_D,77.25,71.68,303.82,2.29,9,40,1,117.9883495145631
2025-10-01,Pulp_A,185.01,192.23,910.08,5.6,10,40,2,147.5725636452084
2025-10-01,Chemical_B,55.34,59.43,397.4,3.22,10,40,2,215.4318756776292
2025-10-01,Packaging_C,95.06,101.29,600.89,3.84,10,40,2,189.63496738901745
2025-10-01,Resin_D,73.39,71.54,316.17,3.17,10,40,2,129.24240359722032
2025-10-02,Pulp_A,202.11,211.61,922.93,5.7,10,40,3,136.99421107317795
2025-10-02,Chemical_B,103.91,108.98,388.86,5.23,10,40,3,112.26830911365606
2025-10-02,Packaging_C,119.66,117.78,577.09,4.37,10,40,3,144.68243356175833
2025-10-02,Resin_D,87.23,85.23,279.72,4.17,10,40,3,96.20084833199589
2025-10-03,Pulp_A,216.8,218.39,864.78,2.02,10,40,4,119.6651291512915
2025-10-03,Chemical_B,98.16,97.88,355.72,2.08,10,40,4,108.71638141809292
2025-10-03,Packaging_C,126.7,126.2,587.0,5.49,10,40,4,138.98973954222572
2025-10-03,Resin_D,90.85,87.25,289.76,3.23,10,40,4,95.68299394606494
2025-10-04,Pulp_A,186.09,171.23,905.5,1.2,10,40,5,145.9777527003063
2025-10-04,Chemical_B,79.44,80.08,407.13,1.77,10,40,5,153.75
2025-10-04,Packaging_C,120.1,124.55,618.1,4.85,10,40,5,154.39633638634473
2025-10-04,Resin_D,45.93,44.77,338.78,4.24,10,40,5,221.28020901371653
2025-10-05,Pulp_A,184.81,194.15,895.87,3.99,10,40,6,145.42557220929604
2025-10-05,Chemical_B,56.1,59.28,359.14,2.7,10,40,6,192.05347593582886
2025-10-05,Packaging_C,118.12,112.1,592.59,3.15,10,40,6,150.50541821876058
2025-10-05,Resin_D,52.78,53.08,301.36,4.18,10,40,6,171.29215611974232
2025-10-06,Pulp_A,199.37,184.75,885.34,2.61,10,41,0,133.22064503185032
2025-10-06,Chemical_B,99.83,102.5,379.83,3.18,10,41,0,114.14304317339477
2025-10-06,Packaging_C,128.82,123.85,590.4,1.26,10,41,0,137.4941779226828
2025-10-06,Resin_D,53.96,52.26,330.12,3.66,10,41,0,183.53595255744997
2025-10-07,Pulp_A,238.34,225.62,893.92,2.9,10,41,1,112.51825123772761
2025-10-07,Chemical_B,88.33,91.55,388.84,5.61,10,41,1,132.06385146609307
2025-10-07,Packaging_C,135.71,129.02,600.47,4.33,10,41,1,132.73966546311988
2025-10-07,Resin_D,83.55,83.42,332.46,3.64,10,41,1,119.37522441651706
2025-10-08,Pulp_A,211.8,201.55,836.15,5.03,10,41,2,118.43484419263454
2025-10-08,Chemical_B,112.01,110.89,343.63,2.38,10,41,2,92.03553254173734
2025-10-08,Packaging_C,98.52,105.35,620.25,5.61,10,41,2,188.87028014616322
2025-10-08,Resin_D,32.18,33.4,343.53,1.18,10,41,2,320.2579241765071
2025-10-09,Pulp_A,177.03,188.95,914.96,1.06,10,41,3,155.051686154889
2025-10-09,Chemical_B,107.85,107.59,376.16,1.43,10,41,3,104.63421418636997
2025-10-09,Packaging_C,128.47,130.82,583.34,2.18,10,41,3,136.22012921304588
2025-10-09,Resin_D,22.64,21.1,336.62,1.53,10,41,3,446.0512367491166
2025-10-10,Pulp_A,200.93,191.12,914.9,3.52,10,41,4,136.59981087941074
2025-10-10,Chemical_B,68.48,63.4,411.49,1.26,10,41,4,180.26723130841123
2025-10-10,Packaging_C,127.07,134.06,558.45,2.31,10,41,4,131.84465255371057
2025-10-10,Resin_D,55.49,55.04,317.31,3.89,10,41,4,171.5498287979816
2025-10-11,Pulp_A,162.53,157.74,957.06,1.53,10,41,5,176.65538669784038
2025-10-11,Chemical_B,53.59,55.88,414.91,5.83,10,41,5,232.26908005224854
2025-10-11,Packaging_C,134.29,129.67,585.76,4.15,10,41,5,130.85710030530942
2025-10-11,Resin_D,28.04,29.2,275.98,2.41,10,41,5,295.2710413694722
2025-10-12,Pulp_A,198.13,184.06,896.33,3.43,10,41,6,135.71846767274013
2025-10-12,Chemical_B,68.45,68.95,425.7,2.25,10,41,6,186.57414170927683
2025-10-12,Packaging_C,124.36,125.54,565.26,3.57,10,41,6,136.36056609842393
2025-10-12,Resin_D,43.81,44.53,341.02,1.4,10,41,6,233.52202693448982
2025-10-13,Pulp_A,215.35,217.95,889.52,1.63,10,42,0,123.91734385883446
2025-10-13,Chemical_B,105.38,103.8,380.84,5.4,10,42,0,108.41905484911747
2025-10-13,Packaging_C,139.69,142.45,567.29,1.66,10,42,0,121.83191352280048
2025-10-13,Resin_D,48.57,51.74,310.61,4.8,10,42,0,191.85299567634343
2025-10-14,Pulp_A,190.68,181.04,935.67,4.78,10,42,1,147.21050975456262
2025-10-14,Chemical_B,60.45,61.58,410.92,1.2,10,42,1,203.9305210918114
2025-10-14,Packaging_C,123.07,116.14,526.74,5.92,10,42,1,128.4000975054847
2025-10-14,Resin_D,57.69,54.96,309.67,4.85,10,42,1,161.03484139365577
2025-10-15,Pulp_A,233.78,215.86,818.43,1.17,10,42,2,105.02566515527418
2025-10-15,Chemical_B,103.27,109.63,366.13,1.43,10,42,2,106.36099544882349
2025-10-15,Packaging_C,141.49,138.96,560.5,5.15,10,42,2,118.84232101208565
2025-10-15,Resin_D,47.12,50.42,363.39,2.38,10,42,2,231.36035653650254
2025-10-16,Pulp_A,227.21,236.85,846.99,5.65,10,42,3,111.8335460587122
2025-10-16,Chemical_B,92.62,96.15,367.64,1.32,10,42,3,119.08011228676311
2025-10-16,Packaging_C,106.18,102.86,574.35,5.91,10,42,3,162.27632322471274
2025-10-16,Resin_D,83.95,90.35,313.2,2.89,10,42,3,111.9237641453246
2025-10-17,Pulp_A,204.36,216.45,929.55,1.9,10,42,4,136.45772166764533
2025-10-17,Chemical_B,100.97,99.25,354.6,4.04,10,42,4,105.3580271367733
2025-10-17,Packaging_C,153.22,146.56,537.46,1.29,10,42,4,105.23299830309361
2025-10-17,Resin_D,60.14,56.94,267.61,2.77,10,42,4,133.49351513136017
2025-10-18,Pulp_A,181.76,184.18,914.81,5.42,10,42,5,150.99196742957747
2025-10-18,Chemical_B,70.49,72.35,377.12,3.1,10,42,5,160.49936161157612
2025-10-18,Packaging_C,99.85,99.92,641.56,1.04,10,42,5,192.75713570355532
2025-10-18,Resin_D,61.93,57.36,344.87,2.84,10,42,5,167.06119812691747
2025-10-19,Pulp_A,190.14,190.2,918.31,5.55,10,42,6,144.88955506468918
2025-10-19,Chemical_B,75.26,78.85,440.7,5.32,10,42,6,175.6710071751262
2025-10-19,Packaging_C,88.2,86.59,546.04,5.83,10,42,6,185.7278911564626
2025-10-19,Resin_D,38.26,40.48,342.83,3.4,10,42,6,268.8159958180868
2025-10-20,Pulp_A,210.38,207.59,870.95,5.39,10,43,0,124.19669170073202
2025-10-20,Chemical_B,91.99,92.84,371.08,1.27,10,43,0,121.0175019023807
2025-10-20,Packaging_C,129.28,124.95,582.72,3.35,10,43,0,135.22277227722773
2025-10-20,Resin_D,57.6,54.76,337.25,1.65,10,43,0,175.65104166666666
2025-10-21,Pulp_A,224.0,222.98,858.2,2.14,10,43,1,114.9375
2025-10-21,Chemical_B,76.94,82.36,373.9,2.72,10,43,1,145.78892643618403
2025-10-21,Packaging_C,129.06,122.44,578.61,5.46,10,43,1,134.49790794979077
2025-10-21,Resin_D,91.4,98.48,275.02,1.25,10,43,1,90.26914660831508
2025-10-22,Pulp_A,213.5,206.05,873.77,1.92,10,43,2,122.77798594847776
2025-10-22,Chemical_B,77.14,76.74,406.85,4.03,10,43,2,158.22530464091264
2025-10-22,Packaging_C,123.07,128.66,575.35,1.05,10,43,2,140.24945153164867
2025-10-22,Resin_D,70.26,69.51,311.33,3.68,10,43,2,132.93339026473097
2025-10-23,Pulp_A,173.65,184.41,913.96,5.47,10,43,3,157.89691909012382
2025-10-23,Chemical_B,100.91,107.8,334.95,5.81,10,43,3,99.57883262312951
2025-10-23,Packaging_C,84.33,81.35,629.94,5.79,10,43,3,224.0981856990395
2025-10-23,Resin_D,68.1,65.73,279.64,2.4,10,43,3,123.18942731277532
2025-10-24,Pulp_A,211.24,197.13,873.1,1.77,10,43,4,123.99640219655369
2025-10-24,Chemical_B,91.99,88.44,311.64,2.58,10,43,4,101.63278617241005
2025-10-24,Packaging_C,125.74,135.12,560.81,5.72,10,43,4,133.8022904405917
2025-10-24,Resin_D,76.55,81.56,251.97,1.03,10,43,4,98.74722403657739
2025-10-25,Pulp_A,192.4,177.44,921.56,2.29,10,43,5,143.69438669438668
2025-10-25,Chemical_B,94.57,98.1,368.39,5.98,10,43,5,116.86264142962885
2025-10-25,Packaging_C,116.58,117.21,538.32,3.03,10,43,5,138.52804940813175
2025-10-25,Resin_D,46.63,47.4,357.83,2.14,10,43,5,230.2144542140253
2025-10-26,Pulp_A,219.89,220.43,890.6,5.95,10,43,6,121.50620764927919
2025-10-26,Chemical_B,43.3,45.18,465.59,1.85,10,43,6,322.5796766743649
2025-10-26,Packaging_C,88.41,87.45,582.1,4.91,10,43,6,197.5229046487954
2025-10-26,Resin_D,68.66,69.5,304.39,2.71,10,43,6,132.99883483833383
2025-10-27,Pulp_A,201.16,192.29,916.31,3.52,10,44,0,136.65390733744283
2025-10-27,Chemical_B,87.47,86.71,442.43,5.83,10,44,0,151.74231164970848
2025-10-27,Packaging_C,146.14,137.71,559.13,3.85,10,44,0,114.77966333652662
2025-10-27,Resin_D,68.52,70.91,332.37,2.86,10,44,0,145.5210157618214
2025-10-28,Pulp_A,208.78,205.26,869.02,5.34,10,44,1,124.87115624101925
2025-10-28,Chemical_B,96.55,103.76,371.15,3.22,10,44,1,115.32366649404453
2025-10-28,Packaging_C,134.52,138.57,515.59,2.37,10,44,1,114.98438893844782
2025-10-28,Resin_D,63.18,61.7,298.73,2.58,10,44,1,141.8471035137702
2025-10-29,Pulp_A,179.99,171.13,917.48,2.55,10,44,2,152.92182899049945
2025-10-29,Chemical_B,84.3,83.55,399.8,3.88,10,44,2,142.27758007117438
2025-10-29,Packaging_C,147.71,150.25,576.62,1.44,10,44,2,117.11190846929794
2025-10-29,Resin_D,58.45,59.35,321.19,4.7,10,44,2,164.85372112917022
2025-10-30,Pulp_A,218.11,201.72,871.13,5.22,10,44,3,119.81981568933105
2025-10-30,Chemical_B,63.22,59.52,406.57,5.77,10,44,3,192.9310344827586
2025-10-30,Packaging_C,148.58,149.65,513.24,1.63,10,44,3,103.62902140261137
2025-10-30,Resin_D,50.71,48.39,304.47,3.06,10,44,3,180.124235850917
2025-10-31,Pulp_A,196.04,191.86,921.55,2.95,10,44,4,141.02479085900836
2025-10-31,Chemical_B,76.2,70.93,417.1,2.58,10,44,4,164.21259842519686
2025-10-31,Packaging_C,131.32,137.15,525.04,5.29,10,44,4,119.94517209869021
2025-10-31,Resin_D,59.51,61.29,340.64,2.56,10,44,4,171.72239959670642
2025-11-01,Pulp_A,195.14,179.84,896.44,3.05,11,44,5,137.81490212155379
2025-11-01,Chemical_B,86.13,89.8,361.95,2.52,11,44,5,126.0710553814002
2025-11-01,Packaging_C,103.89,103.0,618.62,4.64,11,44,5,178.6370199249206
2025-11-01,Resin_D,58.05,59.06,288.11,5.58,11,44,5,148.89405684754524
2025-11-02,Pulp_A,200.1,202.28,883.76,2.37,11,44,6,132.49775112443777
2025-11-02,Chemical_B,37.05,37.52,430.01,5.45,11,44,6,348.1862348178138
2025-11-02,Packaging_C,142.23,142.66,583.4,1.26,11,44,6,123.05420797300148
2025-11-02,Resin_D,47.29,45.86,288.15,1.91,11,44,6,182.79763163459504
2025-11-03,Pulp_A,180.64,173.65,920.54,3.32,11,45,0,152.87976085031002
2025-11-03,Chemical_B,92.25,86.44,400.65,4.88,11,45,0,130.29268292682926
2025-11-03,Packaging_C,140.06,131.41,576.95,4.22,11,45,0,123.57918035127803
2025-11-03,Resin_D,70.34,71.98,334.55,3.29,11,45,0,142.68552743815752
2025-11-04,Pulp_A,203.49,208.02,897.32,1.41,11,45,1,132.28954739790652
2025-11-04,Chemical_B,60.24,60.68,401.11,1.67,11,45,1,199.75597609561754
2025-11-04,Packaging_C,146.29,138.41,569.86,1.52,11,45,1,116.86239660947435
2025-11-04,Resin_D,30.8,28.86,395.25,4.25,11,45,1,384.98376623376623
2025-11-05,Pulp_A,213.93,218.24,890.48,1.38,11,45,2,124.8744916561492
2025-11-05,Chemical_B,77.46,74.48,387.43,2.93,11,45,2,150.05034856700235
2025-11-05,Packaging_C,133.76,140.93,580.87,4.55,11,45,2,130.27885765550238
2025-11-05,Resin_D,71.44,68.87,290.25,4.2,11,45,2,121.88549832026877
2025-11-06,Pulp_A,198.26,211.92,877.64,1.12,11,45,3,132.80137193584184
2025-11-06,Chemical_B,102.97,108.51,395.6,5.87,11,45,3,115.25687093328155
2025-11-06,Packaging_C,139.08,142.36,587.72,1.64,11,45,3,126.77308024158758
2025-11-06,Resin_D,64.89,60.12,331.28,2.81,11,45,3,153.15765141007859
2025-11-07,Pulp_A,220.09,218.65,901.82,1.28,11,45,4,122.92516697714572
2025-11-07,Chemical_B,71.1,75.97,341.45,4.21,11,45,4,144.07172995780593
2025-11-07,Packaging_C,135.9,126.47,515.36,5.86,11,45,4,113.76600441501104
2025-11-07,Resin_D,61.71,60.28,257.83,4.41,11,45,4,125.34273213417598
2025-11-08,Pulp_A,213.01,205.11,910.63,2.58,11,45,5,128.25172527111403
2025-11-08,Chemical_B,74.44,68.96,379.46,3.99,11,45,5,152.92584631918325
2025-11-08,Packaging_C,87.46,81.54,556.77,4.35,11,45,5,190.97987651497826
2025-11-08,Resin_D,40.88,40.37,351.51,5.19,11,45,5,257.9574363992172
2025-11-09,Pulp_A,189.29,190.82,923.22,1.96,11,45,6,146.318347509113
2025-11-09,Chemical_B,77.67,72.06,414.33,5.22,11,45,6,160.03476245654693
2025-11-09,Packaging_C,85.34,85.98,595.62,1.46,11,45,6,209.3812983360675
2025-11-09,Resin_D,56.61,53.77,355.81,1.94,11,45,6,188.55855855855856
2025-11-10,Pulp_A,229.86,212.11,877.56,1.25,11,46,0,114.5340642129992
2025-11-10,Chemical_B,106.63,103.67,375.59,2.75,11,46,0,105.67101191034418
2025-11-10,Packaging_C,109.34,101.06,607.21,4.68,11,46,0,166.6023413206512
2025-11-10,Resin_D,85.44,88.74,335.79,4.38,11,46,0,117.90379213483148
2025-11-11,Pulp_A,204.13,191.92,866.96,1.65,11,46,1,127.4129231372165
2025-11-11,Chemical_B,100.59,108.03,384.86,4.14,11,46,1,114.78079331941545
2025-11-11,Packaging_C,137.68,140.29,594.41,4.91,11,46,1,129.5199012202208
2025-11-11,Resin_D,80.52,74.8,307.33,4.74,11,46,1,114.50447093889717
2025-11-12,Pulp_A,206.14,210.78,912.77,2.57,11,46,2,132.83739206364606
2025-11-12,Chemical_B,70.14,72.52,412.0,1.88,11,46,2,176.21899059024807
2025-11-12,Packaging_C,132.55,141.35,527.58,2.06,11,46,2,119.40701622029422
2025-11-12,Resin_D,74.37,74.38,286.18,5.56,11,46,2,115.4417103670835
2025-11-13,Pulp_A,219.22,209.85,856.84,1.78,11,46,3,117.25754949365934
2025-11-13,Chemical_B,101.14,105.27,415.79,2.55,11,46,3,123.33102630017798
2025-11-13,Packaging_C,100.75,108.55,569.4,2.46,11,46,3,169.54838709677418
2025-11-13,Resin_D,53.91,54.47,287.28,2.26,11,46,3,159.86644407345574
2025-11-14,Pulp_A,210.32,223.64,899.17,1.52,11,46,4,128.25741726892355
2025-11-14,Chemical_B,98.88,93.64,382.76,5.84,11,46,4,116.12864077669903
2025-11-14,Packaging_C,143.39,147.45,554.87,2.51,11,46,4,116.08968547318503
2025-11-14,Resin_D,59.69,55.8,291.92,1.72,11,46,4,146.7180432233205
2025-11-15,Pulp_A,193.1,202.23,884.08,1.71,11,46,5,137.35059554634904
2025-11-15,Chemical_B,75.99,72.31,376.56,1.49,11,46,5,148.66166600868536
2025-11-15,Packaging_C,108.45,111.16,618.41,3.69,11,46,5,171.0677731673582
2025-11-15,Resin_D,68.47,69.88,335.14,2.33,11,46,5,146.84095224185774
2025-11-16,Pulp_A,195.21,207.43,891.01,3.85,11,46,6,136.9309973874289
2025-11-16,Chemical_B,78.52,80.71,374.51,5.9,11,46,6,143.08838512480895
2025-11-16,Packaging_C,127.15,119.15,556.91,4.9,11,46,6,131.39834840739283
2025-11-16,Resin_D,47.73,48.73,346.43,3.15,11,46,6,217.74355751099938
2025-11-17,Pulp_A,186.94,194.78,898.12,5.68,11,47,0,144.12966727292178
2025-11-17,Chemical_B,94.81,91.06,394.8,1.34,11,47,0,124.92353127307246
2025-11-17,Packaging_C,140.42,143.41,553.81,4.61,11,47,0,118.31861558182595
2025-11-17,Resin_D,82.35,76.13,268.49,2.88,11,47,0,97.8105646630237
2025-11-18,Pulp_A,199.43,209.73,909.58,2.18,11,47,1,136.82695682695683
2025-11-18,Chemical_B,73.46,74.59,444.52,1.54,11,47,1,181.53552953988566
2025-11-18,Packaging_C,146.39,158.08,539.34,2.06,11,47,1,110.5280415328916
2025-11-18,Resin_D,82.3,88.43,261.97,5.58,11,47,1,95.4933171324423
2025-11-19,Pulp_A,236.55,222.76,863.8,5.89,11,47,2,109.54977805960684
2025-11-19,Chemical_B,80.82,77.87,386.7,5.08,11,47,2,143.54120267260578
2025-11-19,Packaging_C,123.53,120.41,570.93,5.91,11,47,2,138.65376831538896
2025-11-19,Resin_D,52.11,49.33,368.4,5.93,11,47,2,212.08981001727116
2025-11-20,Pulp_A,206.53,192.32,914.26,1.28,11,47,3,132.8029826175374
2025-11-20,Chemical_B,93.17,99.56,357.22,3.48,11,47,3,115.02200279059784
2025-11-20,Packaging_C,132.2,136.62,597.62,4.66,11,47,3,135.61724659606656
2025-11-20,Resin_D,63.13,64.52,284.87,1.35,11,47,3,135.373039759227
2025-11-21,Pulp_A,223.48,241.22,822.23,3.37,11,47,4,110.37632002863792
2025-11-21,Chemical_B,86.13,90.21,421.15,3.98,11,47,4,146.69104841518634
2025-11-21,Packaging_C,132.05,134.26,591.38,4.15,11,47,4,134.35365391897005
2025-11-21,Resin_D,53.91,50.4,314.75,1.08,11,47,4,175.1530328324986
2025-11-22,Pulp_A,192.38,183.5,919.85,4.68,11,47,5,143.4426655577503
2025-11-22,Chemical_B,73.58,69.6,350.93,5.8,11,47,5,143.081000271813
2025-11-22,Packaging_C,139.19,131.26,548.0,1.04,11,47,5,118.11193332854371
2025-11-22,Resin_D,53.4,53.02,313.86,3.59,11,47,5,176.32584269662922
2025-11-23,Pulp_A,197.58,204.48,899.77,3.21,11,47,6,136.61858487701184
2025-11-23,Chemical_B,59.52,62.5,434.77,3.94,11,47,6,219.13810483870964
2025-11-23,Packaging_C,107.82,110.03,573.85,5.15,11,47,6,159.66889259877576
2025-11-23,Resin_D,29.66,31.4,331.86,4.35,11,47,6,335.66419420094405
2025-11-24,Pulp_A,205.92,196.17,821.23,4.13,11,48,0,119.64306526806527
2025-11-24,Chemical_B,60.85,61.49,343.35,5.58,11,48,0,169.27691043549714
2025-11-24,Packaging_C,132.72,137.36,602.0,3.93,11,48,0,136.07594936708858
2025-11-24,Resin_D,50.21,49.92,323.92,2.23,11,48,0,193.53913563035252
2025-11-25,Pulp_A,212.65,228.04,903.01,3.67,11,48,1,127.39383964260522
2025-11-25,Chemical_B,101.94,95.89,426.94,2.88,11,48,1,125.64449676280164
2025-11-25,Packaging_C,140.08,138.88,539.87,4.89,11,48,1,115.6203597944032
2025-11-25,Resin_D,62.9,61.96,300.32,5.63,11,48,1,143.2368839427663
2025-11-26,Pulp_A,207.04,207.61,934.59,1.42,11,48,2,135.42165765069552
2025-11-26,Chemical_B,101.45,95.11,332.77,5.83,11,48,2,98.40413997042877
2025-11-26,Packaging_C,143.87,138.01,529.75,4.59,11,48,2,110.46430805588379
2025-11-26,Resin_D,82.06,83.56,320.59,5.46,11,48,2,117.20326590299779
2025-11-27,Pulp_A,213.48,204.88,872.11,5.94,11,48,3,122.55621135469366
2025-11-27,Chemical_B,114.02,117.39,343.5,2.06,11,48,3,90.37888089808806
2025-11-27,Packaging_C,125.01,123.23,551.24,2.17,11,48,3,132.28701703863692
2025-11-27,Resin_D,70.71,68.88,310.37,1.04,11,48,3,131.68010182435302
2025-11-28,Pulp_A,231.51,218.42,881.66,1.8,11,48,4,114.24906051574446
2025-11-28,Chemical_B,99.89,92.62,406.92,4.11,11,48,4,122.21043147462208
2025-11-28,Packaging_C,122.35,127.63,541.52,5.05,11,48,4,132.77973028197795
2025-11-28,Resin_D,80.9,79.69,290.88,4.86,11,48,4,107.8665018541409
2025-11-29,Pulp_A,213.86,227.81,885.17,1.44,11,48,5,124.17048536425699
2025-11-29,Chemical_B,65.41,68.6,424.41,5.25,11,48,5,194.6537226723743
2025-11-29,Packaging_C,120.75,112.05,578.3,1.75,11,48,5,143.67701863354034
2025-11-29,Resin_D,90.36,92.46,314.25,1.08,11,48,5,104.33266932270917
2025-11-30,Pulp_A,210.67,216.26,892.13,5.11,11,48,6,127.04181895856078
2025-11-30,Chemical_B,75.22,74.73,392.19,3.49,11,48,6,156.41717628290348
2025-11-30,Packaging_C,122.99,123.05,564.8,4.83,11,48,6,137.76729815432148
2025-11-30,Resin_D,36.99,37.87,336.76,1.86,11,48,6,273.12246553122463
2025-12-01,Pulp_A,222.49,210.29,901.46,5.81,12,49,0,121.55063148905569
2025-12-01,Chemical_B,81.26,82.91,394.59,2.27,12,49,0,145.67683977356631
2025-12-01,Packaging_C,145.91,157.09,566.49,3.51,12,49,0,116.47385374545955
2025-12-01,Resin_D,97.19,91.47,270.68,3.73,12,49,0,83.55180574133142
2025-12-02,Pulp_A,205.4,202.71,897.04,5.27,12,49,1,131.01850048685492
2025-12-02,Chemical_B,89.89,95.28,374.94,1.64,12,49,1,125.13294026031816
2025-12-02,Packaging_C,130.4,132.97,576.97,2.78,12,49,1,132.73849693251535
2025-12-02,Resin_D,63.44,64.86,329.6,2.18,12,49,1,155.86380832282475
2025-12-03,Pulp_A,228.81,215.15,880.8,5.33,12,49,2,115.4844630916481
2025-12-03,Chemical_B,78.81,77.9,402.43,1.8,12,49,2,153.18995051389416
2025-12-03,Packaging_C,154.17,144.45,565.75,3.53,12,49,2,110.08951157812805
2025-12-03,Resin_D,83.41,83.89,292.07,2.97,12,49,2,105.04855532909724
2025-12-04,Pulp_A,218.67,217.69,911.39,3.45,12,49,3,125.03635615310742
2025-12-04,Chemical_B,98.22,96.71,384.07,2.67,12,49,3,117.30910201588271
2025-12-04,Packaging_C,180.36,172.81,512.0,4.97,12,49,3,85.16300731869593
2025-12-04,Resin_D,42.68,40.0,328.06,2.19,12,49,3,230.59512652296155
2025-12-05,Pulp_A,217.62,206.09,888.98,3.3,12,49,4,122.5503170664461
2025-12-05,Chemical_B,101.64,102.48,324.63,2.78,12,49,4,95.81759149940969
2025-12-05,Packaging_C,146.95,144.07,551.62,2.29,12,49,4,112.61381422252468
2025-12-05,Resin_D,70.4,73.33,264.7,2.03,12,49,4,112.79829545454545
2025-12-06,Pulp_A,223.07,217.31,866.45,3.82,12,49,5,116.52620253732013
2025-12-06,Chemical_B,86.55,80.35,368.35,5.26,12,49,5,127.67764298093589
2025-12-06,Packaging_C,126.27,123.29,567.54,4.61,12,49,5,134.83962936564504
2025-12-06,Resin_D,66.07,62.12,301.94,1.89,12,49,5,137.10004540638718
2025-12-07,Pulp_A,189.29,180.08,910.36,5.72,12,49,6,144.2802049764911
2025-12-07,Chemical_B,76.03,81.18,405.0,3.72,12,49,6,159.80533999736946
2025-12-07,Packaging_C,135.82,139.28,537.91,5.95,12,49,6,118.81387130025033
2025-12-07,Resin_D,70.0,64.98,275.34,1.57,12,49,6,118.00285714285712
2025-12-08,Pulp_A,229.1,229.46,886.39,2.5,12,50,0,116.07027498908774
2025-12-08,Chemical_B,88.26,86.51,367.77,4.78,12,50,0,125.00679809653296
2025-12-08,Packaging_C,128.19,118.31,573.7,1.51,12,50,0,134.26164287385913
2025-12-08,Resin_D,85.57,87.45,285.89,5.01,12,50,0,100.23022087180087
2025-12-09,Pulp_A,187.93,176.16,898.83,5.38,12,50,1,143.48374394721438
2025-12-09,Chemical_B,87.18,87.35,399.81,3.44,12,50,1,137.58086717136956
2025-12-09,Packaging_C,148.57,150.47,555.15,3.7,12,50,1,112.09867402571179
2025-12-09,Resin_D,88.67,83.5,310.05,5.18,12,50,1,104.90019172211571
2025-12-10,Pulp_A,213.79,205.2,865.56,2.86,12,50,2,121.45937602320033
2025-12-10,Chemical_B,94.79,93.38,338.09,5.93,12,50,2,107.00179343812637
2025-12-10,Packaging_C,143.13,132.93,543.82,5.18,12,50,2,113.98448962481662
2025-12-10,Resin_D,122.08,123.28,286.92,1.85,12,50,2,70.50786369593709
2025-12-11,Pulp_A,212.13,215.3,862.51,2.05,12,50,3,121.97850374770188
2025-12-11,Chemical_B,86.03,81.01,413.17,1.73,12,50,3,144.0788097175404
2025-12-11,Packaging_C,156.16,163.22,578.19,5.69,12,50,3,111.07646004098362
2025-12-11,Resin_D,63.46,60.86,323.42,5.21,12,50,3,152.8931610463284
2025-12-12,Pulp_A,210.0,224.11,930.24,4.25,12,50,4,132.89142857142858
2025-12-12,Chemical_B,84.24,82.93,360.27,1.26,12,50,4,128.30128205128204
2025-12-12,Packaging_C,125.61,123.62,574.14,2.75,12,50,4,137.1244327680917
2025-12-12,Resin_D,86.64,81.83,303.46,2.83,12,50,4,105.07617728531855
2025-12-13,Pulp_A,188.49,197.49,902.18,4.54,12,50,5,143.59064141333755
2025-12-13,Chemical_B,71.45,66.95,374.71,4.14,12,50,5,157.33100069979005
2025-12-13,Packaging_C,116.13,117.59,617.0,5.56,12,50,5,159.39033841384656
2025-12-13,Resin_D,39.82,39.05,340.46,5.22,12,50,5,256.49924660974386
2025-12-14,Pulp_A,224.5,237.67,907.82,5.47,12,50,6,121.31224944320714
2025-12-14,Chemical_B,104.19,108.47,378.44,4.03,12,50,6,108.96631154621365
2025-12-14,Packaging_C,130.94,135.55,556.53,1.43,12,50,6,127.5080189399725
2025-12-14,Resin_D,39.87,38.84,331.55,1.09,12,50,6,249.47328818660648
2025-12-15,Pulp_A,239.01,243.58,806.21,4.32,12,51,0,101.19367390485755
2025-12-15,Chemical_B,90.66,85.16,397.92,5.26,12,51,0,131.67438782263403
2025-12-15,Packaging_C,142.61,153.59,588.14,1.49,12,51,0,123.72344155388822
2025-12-15,Resin_D,92.3,90.09,247.7,5.64,12,51,0,80.5092091007584
2025-12-16,Pulp_A,224.14,227.39,857.66,4.26,12,51,1,114.79343267600606
2025-12-16,Chemical_B,86.8,91.57,354.84,1.97,12,51,1,122.6405529953917
2025-12-16,Packaging_C,146.5,152.64,584.83,4.57,12,51,1,119.76040955631399
2025-12-16,Resin_D,82.8,87.67,257.47,3.16,12,51,1,93.28623188405798
2025-12-17,Pulp_A,222.45,209.74,890.12,2.95,12,51,2,120.04315576534053
2025-12-17,Chemical_B,96.38,102.05,386.35,5.41,12,51,2,120.25835235526044
2025-12-17,Packaging_C,133.39,138.18,560.72,2.56,12,51,2,126.10840392833049
2025-12-17,Resin_D,73.81,73.64,337.51,4.89,12,51,2,137.18059883484622
2025-12-18,Pulp_A,208.43,204.31,839.42,2.84,12,51,3,120.820419325433
2025-12-18,Chemical_B,119.24,116.6,358.66,3.62,12,51,3,90.23649781952366
2025-12-18,Packaging_C,125.59,121.12,596.58,5.67,12,51,3,142.50656899434668
2025-12-18,Resin_D,87.03,89.09,328.86,1.15,12,51,3,113.36091003102378
2025-12-19,Pulp_A,226.79,228.45,933.02,2.8,12,51,4,123.42078574893073
2025-12-19,Chemical_B,97.18,96.66,391.99,1.26,12,51,4,121.00946696851203
2025-12-19,Packaging_C,154.57,148.22,623.25,4.72,12,51,4,120.96461150287897
2025-12-19,Resin_D,72.54,72.09,291.12,2.43,12,51,4,120.3970223325062
2025-12-20,Pulp_A,217.23,222.48,850.92,5.12,12,51,5,117.5141555033835
2025-12-20,Chemical_B,70.22,67.68,401.24,5.9,12,51,5,171.42124750783253
2025-12-20,Packaging_C,150.21,138.37,568.13,3.59,12,51,5,113.46714599560613
2025-12-20,Resin_D,62.38,66.58,299.82,5.84,12,51,5,144.19044565565886
2025-12-21,Pulp_A,175.0,187.46,976.05,4.37,12,51,6,167.32285714285715
2025-12-21,Chemical_B,80.71,77.35,375.92,3.35,12,51,6,139.72989716268123
2025-12-21,Packaging_C,160.73,157.05,508.41,1.82,12,51,6,94.89392148323277
2025-12-21,Resin_D,80.9,83.02,294.47,2.69,12,51,6,109.19777503090235
2025-12-22,Pulp_A,235.88,253.54,877.58,5.45,12,52,0,111.61353230456164
2025-12-22,Chemical_B,110.65,102.29,424.21,2.23,12,52,0,115.01400813375507
2025-12-22,Packaging_C,177.69,179.32,505.14,4.71,12,52,0,85.2844842140807
2025-12-22,Resin_D,87.4,81.64,245.29,3.07,12,52,0,84.19565217391303
2025-12-23,Pulp_A,237.68,256.33,889.1,2.39,12,52,1,112.22231571861326
2025-12-23,Chemical_B,69.14,68.48,405.31,5.28,12,52,1,175.86491177321375
2025-12-23,Packaging_C,156.19,148.78,552.59,5.37,12,52,1,106.1380370062104
2025-12-23,Resin_D,62.01,62.13,284.96,5.7,12,52,1,137.8616352201258
2025-12-24,Pulp_A,223.52,236.27,865.88,2.98,12,52,2,116.21510379384395
2025-12-24,Chemical_B,95.57,93.82,345.91,5.58,12,52,2,108.58323741759968
2025-12-24,Packaging_C,146.07,157.48,594.12,3.33,12,52,2,122.02094886013556
2025-12-24,Resin_D,62.91,67.42,306.6,4.83,12,52,2,146.20886981402003
2025-12-25,Pulp_A,235.08,243.41,826.03,5.71,12,52,3,105.41475242470648
2025-12-25,Chemical_B,101.56,106.02,399.37,3.81,12,52,3,117.97065773926742
2025-12-25,Packaging_C,131.03,123.2,572.36,3.65,12,52,3,131.04479890101504
2025-12-25,Resin_D,95.28,102.43,337.83,3.42,12,52,3,106.36964735516372
2025-12-26,Pulp_A,227.55,239.97,854.61,5.98,12,52,4,112.67106130520764
2025-12-26,Chemical_B,73.97,78.78,383.39,1.96,12,52,4,155.49141543869138
2025-12-26,Packaging_C,125.4,116.19,617.2,2.74,12,52,4,147.6555023923445
2025-12-26,Resin_D,94.62,101.41,252.34,2.34,12,52,4,80.00634115409004
2025-12-27,Pulp_A,197.12,210.81,904.58,4.83,12,52,5,137.66943993506493
2025-12-27,Chemical_B,99.06,101.39,388.49,5.84,12,52,5,117.65293761356753
2025-12-27,Packaging_C,134.63,135.0,570.41,1.59,12,52,5,127.10614276164301
2025-12-27,Resin_D,47.52,48.22,329.51,3.41,12,52,5,208.0239898989899
2025-12-28,Pulp_A,208.37,223.39,856.52,2.92,12,52,6,123.31717617699285
2025-12-28,Chemical_B,109.07,110.88,351.2,2.49,12,52,6,96.59851471532045
2025-12-28,Packaging_C,108.26,116.33,580.84,1.65,12,52,6,160.95695547755403
2025-12-28,Resin_D,60.1,57.43,313.16,4.9,12,52,6,156.31946755407654
2025-12-29,Pulp_A,223.21,208.38,876.44,5.04,12,1,0,117.79579767931546
2025-12-29,Chemical_B,104.56,110.49,372.89,4.42,12,1,0,106.98833205814842
2025-12-29,Packaging_C,153.2,153.41,558.14,2.16,12,1,0,109.29634464751959
2025-12-29,Resin_D,89.5,96.39,303.72,1.78,12,1,0,101.80558659217878
2025-12-30,Pulp_A,217.27,227.44,866.25,1.93,12,1,1,119.609241957012
2025-12-30,Chemical_B,118.16,119.2,346.65,5.51,12,1,1,88.01201760324982
2025-12-30,Packaging_C,145.79,149.74,548.92,5.44,12,1,1,112.95424926263803
2025-12-30,Resin_D,116.79,110.97,236.9,5.02,12,1,1,60.85281274081685
2025-12-31,Pulp_A,214.96,216.99,884.77,3.51,12,1,2,123.47925195385187
2025-12-31,Chemical_B,100.24,97.58,346.51,3.61,12,1,2,103.70411013567438
2025-12-31,Packaging_C,146.62,152.74,553.78,4.57,12,1,2,113.30923475651343
2025-12-31,Resin_D,75.45,78.52,295.79,5.78,12,1,2,117.610337972167
